Crash_ID,block_group_geoid,poverty_share,poverty_share_acs2021
18084267,484530011011,0.648936170212766,0.7549467275494672
18123439,484790001071,0.5222834251377065,0.4974406700791066
18258555,484530011032,0.05785770132916341,0.05102040816326531
18286020,484530013044,0.042666666666666665,0.044906900328587074
18299940,484530019221,0.22760290556900725,0.22342586323628977
18313764,483090024982,0.004807692307692308,0.014571948998178506
18314365,481130012041,0.02912621359223301,0.19768881551795295
18320652,482014209001,0.013991769547325103,0.02735562310030395
18369868,480291817154,0.04630541871921182,0.04648074369189907
18373106,484530006062,0.6352683461117196,0.7832744405182568
18385472,482015102023,0.09206349206349207,0.05672268907563025
18391216,484530013121,0.13372093023255813,0.012686567164179104
18391833,484530011032,0.05785770132916341,0.05102040816326531
18409305,484530011032,0.05785770132916341,0.05102040816326531
18431591,484530014012,0.24675324675324675,0.08774583963691376
18445363,483030006031,0.5261239368165249,0.5760869565217391
18450191,484391219053,0.11295180722891567,0.19402985074626866
18546608,481350025035,0.01372426699937617,0.009696186166774402
18567504,484530006081,0.5598114319387154,0.727854855923159
18596396,482015103023,0.014905149051490514,0.017991004497751123
18614327,484530011011,0.648936170212766,0.7549467275494672
18625016,480291205033,0.19060523938572718,0.26373626373626374
18641849,484530016051,0.10915492957746478,0.10448979591836735
18660262,484391222002,0.2811158798283262,0.20096153846153847
18706178,480291111004,0.047872340425531915,0.07403751233958539
18756943,481350029001,0.04529616724738676,0.03878406708595388
18764612,482013131021,0.1387900355871886,0.06300813008130081
18794429,484391110332,0.0,0.0129366106080207
18805222,482014102022,0.06833407771326486,0.0
18806351,484530013083,0.030991735537190084,0.0843263061411549
18818841,484530011032,0.05785770132916341,0.05102040816326531
18867093,482014543052,0.0492091388400703,0.49836779107725787
18881223,484530013091,0.0,0.0
18906035,484530011031,0.09052550824702724,0.061284046692607
18915979,484530011032,0.05785770132916341,0.05102040816326531
18923620,481130091013,0.16163996229971725,0.17872340425531916
18925961,483550008003,0.5474642392717816,0.48683404776484995
18941232,482450011002,0.0,0.0
18951170,480291807023,0.1378026070763501,0.38329764453961457
18965473,480396606101,0.05491329479768786,0.0
18967267,480291211233,0.07297605473204105,0.07699530516431925
18985335,482150235191,0.023668639053254437,0.11525974025974026
18992871,480291101001,0.09306260575296109,0.16069057104913678
18993054,482450003122,0.011916583912611719,0.02697841726618705
18995056,481410002051,0.26068821689259647,0.38558352402745993
19003825,481210217391,0.1694915254237288,0.3000648088139987
19010130,483396916021,0.018518518518518517,0.0033944331296673455
19011663,481130012041,0.02912621359223301,0.19768881551795295
19015926,482015108011,0.040515653775322284,0.03297609233305853
19028413,481130141264,0.051941747572815535,0.010265183917878529
19030755,483030006052,0.6788079470198676,0.6992481203007519
19038674,482659606023,0.24867724867724866,0.13741721854304637
19041843,482011000011,0.09417433201927289,0.056765163297045104
19043371,481130004014,0.2424468481909735,0.27378390012914333
19044104,484530011021,0.030105368790767688,0.04851228978007762
19052739,480291219123,0.0,0.0
19055507,481130181053,0.21103622577927547,0.1524341580207502
19058199,483090041041,0.019101123595505618,0.02452316076294278
19063162,482011000011,0.09417433201927289,0.056765163297045104
19086156,481130200002,0.0,0.0
19090003,484530006082,0.5717314487632509,0.7065989847715736
19108452,483030005021,,
19111788,482013319002,0.31932773109243695,0.5079365079365079
19111838,484530013111,0.042328042328042326,0.06418219461697723
19121524,480291101002,0.12896825396825398,0.048044692737430165
19126204,480291818201,0.7937062937062938,0.6848484848484848
19127244,482150239034,0.48114075436982523,0.20055325034578148
19131543,481130152051,0.269041769041769,0.29212889593238245
19133592,484391110262,0.08984747378455672,0.11972006998250437
19142204,484530006052,0.5136314067611778,0.734860883797054
19148829,480850316701,,
19159800,484530011021,0.030105368790767688,0.04851228978007762
19159849,484530010001,0.0,0.009557945041816009
19159931,484530011032,0.05785770132916341,0.05102040816326531
19180118,483396938003,0.015873015873015872,0.013157894736842105
19183894,480270231171,0.15841242450388265,0.21986105435226808
19185174,480410021003,0.7419112114371708,0.6885245901639344
19186525,484530013072,0.017391304347826087,0.026168224299065422
19186739,484530023152,0.40074906367041196,0.2346368715083799
19189676,482511302152,0.03407217439091409,0.03610411418975651
19195336,484530013111,0.042328042328042326,0.06418219461697723
19196622,482015342031,0.10739856801909307,0.08918322295805739
19218694,481410001091,0.026131293817718292,0.06884480746791131
19219749,481210201322,0.011761761761761762,0.0
19251585,480291107001,0.4147368421052632,0.41446028513238287
19254440,482014317022,0.047959914101646385,0.02390057361376673
19254711,482011000012,0.2118270079435128,0.24877750611246943
19270000,481210203221,0.08661417322834646,0.062379421221864954
19272573,484530010003,0.1862348178137652,0.1669921875
19272749,481576731041,0.038476337052712584,0.10617120106171202
19274295,480291101001,0.09306260575296109,0.16069057104913678
19286469,483550024004,0.22815533980582525,0.09408773045136681
19313514,480410020171,0.7740345110928513,0.6317567567567568
19491838,482570505003,0.1204534718941899,0.16090584028605484
19507353,482015548051,0.14237516869095818,0.11977365608299277
19517409,480291101002,0.12896825396825398,0.048044692737430165
19526549,483030003012,0.35661971830985917,0.4414019715224535
19533819,480850316313,0.0,0.0
19537291,481830011004,0.42504118616144976,0.46141855027279816
19540181,482014110011,0.054699537750385205,0.0
19541467,481130014002,0.2522875816993464,0.11543134872417983
19552914,481576745063,0.011783610069630423,0.0
19559491,481130203002,0.16037735849056603,0.26106870229007634
19563636,480291308001,0.6586001489203276,0.5137085137085137
19582024,483030105114,0.2894736842105263,0.2857142857142857
19595833,481210215142,0.0012536564981195152,0.00822429906542056
19604789,481130208003,0.413751507840772,0.42736486486486486
19619530,484530011021,0.030105368790767688,0.04851228978007762
19627016,482011000011,0.09417433201927289,0.056765163297045104
19629633,480850316552,0.018309859154929577,0.058655221745350504
19633539,482015304001,0.10413476263399694,0.03888622179548728
19638154,480850320173,0.026515151515151516,0.05313351498637602
19653793,484530441001,0.36328502415458935,0.03154205607476635
19660941,481210201222,0.01881467544684854,0.07692307692307693
19661312,484410128023,0.10964467005076142,0.07708333333333334
19662004,484530011011,0.648936170212766,0.7549467275494672
19663095,481677256002,0.20481927710843373,0.10835629017447199
19683418,482013134001,0.10122358175750834,0.10369487485101311
19686907,481410004041,0.4331103678929766,0.5162019593067069
19691273,481130004011,0.30017761989342806,0.2903543307086614
19696501,482015416032,0.27162629757785467,0.148975791433892
19701571,484530002041,0.33945841392649906,0.34953271028037386
19706137,481130022001,0.03632694248234107,0.07873090481786134
19709866,481350027021,0.16150598170302605,0.0744172145845786
19714635,483396906071,0.04088162104514753,0.0
19717875,484391042031,0.17953667953667954,0.08163265306122448
19724045,482011000012,0.2118270079435128,0.24877750611246943
19738411,484530006063,0.7854356306892067,0.9347826086956522
19752721,483030021021,0.13451776649746192,0.1097872340425532
19764578,480291209023,0.09071729957805907,0.06916299559471366
19767231,483090003001,,
19804488,484910208201,0.023710482529118136,0.018199233716475097
19804617,481130111042,0.28298782494241526,0.42741609381318235
19818376,482013131021,0.1387900355871886,0.06300813008130081
19819680,480291814042,0.15545685279187818,0.24539877300613497
19824473,484391046051,0.1638349514563107,0.09472551130247578
19829368,483030006071,0.45692307692307693,0.2837370242214533
19831483,483030025001,0.1242265587815326,0.1848808545603944
19832336,480291910033,0.0,0.20563847429519072
19838154,484530007001,0.21512605042016808,0.3396501457725947
19843126,482015417022,0.0,0.0
19846755,482013432001,0.0192131747483989,0.05276705276705277
19850030,484717905003,0.16117021276595744,0.2403993855606759
19852246,484999508001,0.07722007722007722,0.19932432432432431
19862768,480291919001,0.30631868131868134,0.2926829268292683
19866223,480291101001,0.09306260575296109,0.16069057104913678
19894547,483030005031,,
19906400,484530464002,0.08210180623973727,0.06288258208124652
19925630,480850313271,0.008600469116497263,0.0
19929608,480291101001,0.09306260575296109,0.16069057104913678
19936064,480291918192,0.0438489646772229,0.03906976744186046
19939160,480291101001,0.09306260575296109,0.16069057104913678
19965049,482014113021,0.0,0.0
19322713,481576712001,0.02481012658227848,0.02669172932330827
19336857,483970404052,0.0,0.0
19342070,481210208001,0.5661375661375662,0.48881789137380194
19356628,481210201283,0.015231237884242592,0.02327704244637152
19357329,480717102023,0.15811088295687886,0.18449197860962566
19358885,482450070042,0.23522791221159256,0.3096590909090909
19361623,484530011012,0.07002457002457002,0.0390625
19365016,482011000011,0.09417433201927289,0.056765163297045104
19370199,482011000011,0.09417433201927289,0.056765163297045104
19382500,482014508032,0.33475252794039384,0.37809798270893374
19389140,481410103691,0.08954837037517009,0.12943308309603935
19400069,481210214155,0.047407407407407405,0.0
19402680,484391132104,0.08055091819699499,0.05326981377219576
19405353,482013214022,0.04319906596614127,0.04063324538258575
19408210,480291208002,0.19870967741935483,0.0
19420746,482013120001,0.1523545706371191,0.14809960681520315
19421338,482450106004,0.09590878604963111,0.0319337670017741
19421895,482090103022,0.10340632603406326,0.1372161895360316
19423704,482450007003,0.22934472934472935,0.334384858044164
19430118,483090001002,0.4393939393939394,0.3490838958534233
19430549,484530023222,0.0958904109589041,0.0
19437706,481210204023,0.19776627621901388,0.07432216905901116
19438471,480410020192,0.04548366431774504,0.0644871025794841
19460617,482014534012,0.3382978723404255,0.21487603305785125
19467254,483030019041,0.06377014716187807,0.0388283378746594
19470483,480610125111,0.41396371632765255,0.2285237698081735
19477001,480291101002,0.12896825396825398,0.048044692737430165
19970856,480291106001,0.1507537688442211,0.251953125
20000350,481677252001,0.1473851030110935,0.1476923076923077
20003726,480396613003,0.3803307223672759,0.19901315789473684
20010107,484530011032,0.05785770132916341,0.05102040816326531
20015570,482015323012,0.2055984555984556,0.09404910528506034
20020060,480291509002,0.07929515418502203,0.24705882352941178
20021369,484530008031,0.04922279792746114,0.13483796296296297
20022518,480410017031,0.3862847222222222,0.36547231270358305
20023141,482019807001,0.11528822055137844,0.13945339873861248
20024809,482090102003,0.3952254641909814,0.5216400911161732
20032187,480291701023,0.26162097735399287,0.21485411140583555
20047472,484530011032,0.05785770132916341,0.05102040816326531
20048510,480850303033,0.004932587964485367,0.01694915254237288
20080870,482012517013,0.24619516562220234,0.1867816091954023
20081399,482013315011,0.13509843856076034,0.3569567483064096
20083053,484530009022,0.31139240506329113,0.1194888178913738
20084491,481130175002,0.13112164296998421,0.03288672350791717
20089553,484410113002,0.0881057268722467,0.1307901907356948
20094195,484530006064,0.6362940275650842,0.8301610541727672
20099777,480291208006,0.01167076167076167,0.021854695806261076
20101116,480410020171,0.7740345110928513,0.6317567567567568
20103657,481130101012,0.21033776867963153,0.3154034229828851
20112813,482015313002,0.13275862068965516,0.11871227364185111
20114613,480291920003,0.02871205906480722,0.10532212885154062
20121378,482011000011,0.09417433201927289,0.056765163297045104
20124884,483030005012,,
20140364,480850303063,0.0,0.0
20154484,483199501002,0.020618556701030927,0.030456852791878174
20161216,480850316212,0.003763440860215054,0.08288899660688318
20183025,481576729071,0.2527745327102804,0.23326421800947866
20183822,480291921001,0.06880189798339265,0.15169366715758467
20202393,484910207093,0.2774613506916192,0.11292875989445911
20207046,484530006012,1.0,1.0
20216761,484530003051,0.035652173913043476,0.08602941176470588
20231519,480291501001,0.08976464148877943,0.08729714605484051
20247194,482199503001,0.1823671497584541,0.16202270381836945
20248203,482013208003,0.07541362062331666,0.1333811401936178
20250526,481576745042,0.027506963788300837,0.02016498625114574
20255177,482015519011,0.16780045351473924,0.2626582278481013
20263828,484530009023,0.09129213483146068,0.2696365767878077
20268199,481677256001,0.09492273730684327,0.10491071428571429
20278396,482013102002,0.024051803885291396,0.06217616580310881
20280232,482015224011,0.12399193548387097,0.1541135573580533
20280929,481576734044,0.054276315789473686,0.04280472890338361
20282612,482013108001,0.2344,0.1589310829817159
20283477,481410023006,0.8703703703703703,0.5640625
20301756,482450004002,0.4458874458874459,0.12816901408450704
20301900,483671404132,0.26578699340245054,0.3544106167056987
20302188,484530009024,0.21238938053097345,0.1304640215198386
20304849,481130016011,0.24067164179104478,0.34705075445816186
20305777,480717103002,0.20365296803652969,0.2457627118644068
20323085,481677252001,0.1473851030110935,0.1476923076923077
20323121,481130137191,0.24913971094287682,0.16771406127258445
20327993,483030017093,0.19747899159663865,0.12415349887133183
20336171,480291921001,0.06880189798339265,0.15169366715758467
20344537,483439501002,0.23434704830053668,0.08174097664543524
20364240,480291203012,0.07180218735140276,0.07176045431078988
20368192,481410011182,0.11671087533156499,0.09437751004016064
20378330,482090108165,0.04098544232922732,0.0
20384101,482012208003,0.5380228136882129,0.29333333333333333
20385074,482011000011,0.09417433201927289,0.056765163297045104
20397172,484530006012,1.0,1.0
20397823,482150240011,0.37505451373746185,0.3253012048192771
20403304,483396909002,0.027761370348493797,0.028002489110143122
20406549,484530011012,0.07002457002457002,0.0390625
20411572,481130031031,0.2097560975609756,0.09870918754745633
20422898,480291101001,0.09306260575296109,0.16069057104913678
20430323,480410020171,0.7740345110928513,0.6317567567567568
20430425,484530006081,0.5598114319387154,0.727854855923159
20434392,480410020171,0.7740345110928513,0.6317567567567568
20434406,484530434002,0.10332480818414322,0.10804970286331712
20447519,481210215162,0.2808119864668922,0.010834236186348862
20461799,480410021003,0.7419112114371708,0.6885245901639344
20468976,484530023144,0.36345776031434185,0.318562874251497
20476165,481130195012,0.026651216685979143,0.0
20477394,481576733001,0.013861386138613862,0.027297297297297296
20478407,482013211023,0.14285714285714285,0.1686832740213523
20480266,480291402004,0.3975,0.4
20482673,483239506011,0.4020618556701031,0.20077972709551656
20485089,484391237002,0.1683673469387755,0.24739583333333334
20488017,480291219032,0.006458557588805167,0.029599730911537166
20488368,484530024102,0.21864951768488747,0.2174863387978142
20489141,482013107002,0.06435079726651481,0.2596660808435852
20491602,480291316082,0.02275025278058645,0.03968713789107764
20493115,480850306095,0.0,0.0
20501375,480291719031,0.1936842105263158,0.12347052280311457
20501710,484530002041,0.33945841392649906,0.34953271028037386
20512902,481130181472,0.23768366464995677,0.21735604217356042
20520178,481130022002,0.05162064825930372,0.1737331954498449
20522383,482012520032,0.0,0.00229147571035747
20538124,482015101001,0.013271783035199077,0.01768292682926829
20538618,480291919001,0.30631868131868134,0.2926829268292683
20553131,480291314014,0.07539287845633579,0.152898404362755
20553888,484530321001,0.047644829453167295,0.049005337214944204
20559541,480850310033,0.0732899022801303,0.07091690544412607
20559900,484530007001,0.21512605042016808,0.3396501457725947
20568597,484510018001,0.23161764705882354,0.4004914004914005
20574462,482013123002,0.5905044510385756,0.6204545454545455
20578639,481210203182,0.0,0.0
20578714,482015553033,0.16917293233082706,0.03431952662721893
20579424,483550032042,0.0621301775147929,0.07304785894206549
20580720,484530331003,0.05011135857461024,0.0319693094629156
20580870,481130192083,0.30965682362330404,0.18673647469458987
20582376,481210201233,0.09015384615384615,0.0
20582708,481210217581,0.007153806847215125,0.004830917874396135
20583145,482730205023,0.745674740484429,0.6445012787723785
20586599,482014118012,0.009528585757271816,0.12350597609561753
20589104,481810007003,0.056666666666666664,0.05666003976143141
20605956,484530011022,0.15861214374225527,0.20745920745920746
20606091,481210219001,0.05837037037037037,0.06501340482573727
20608805,481350017007,0.06870229007633588,0.0
20612065,482014107052,0.07932692307692307,0.04576659038901602
20612331,481210204033,0.15185504745470232,0.13309024612579762
20613236,484391111032,0.17755572636433511,0.2545620437956204
20620121,480990106031,0.03274336283185841,0.03110773899848255
20633867,482012223001,0.15954077593032462,0.21384039900249377
20642185,480410021003,0.7419112114371708,0.6885245901639344
20643678,480291720091,0.0,0.0
20650631,481130003003,0.03747870528109029,0.11090909090909092
20650849,481130031031,0.2097560975609756,0.09870918754745633
20657977,480291101001,0.09306260575296109,0.16069057104913678
20658124,481130067021,0.2425357873210634,0.3111111111111111
20668494,482014544001,0.12057416267942583,0.1359940872135994
20695518,482015430074,0.05151757188498403,0.07272727272727272
20705537,482014502001,0.020923076923076923,0.019748653500897665
20713506,482013131021,0.1387900355871886,0.06300813008130081
20715097,480291817122,0.0821917808219178,0.06043956043956044
20716178,480850303063,0.0,0.0
20720478,482012509021,0.015993265993265993,0.01919191919191919
20734482,481410029002,0.40888208269525267,0.35130718954248363
20737162,484530354003,0.029982363315696647,0.0
20740047,481210212041,0.4744954128440367,0.4491638795986622
20742992,480410021003,0.7419112114371708,0.6885245901639344
20748142,481130141533,0.0,0.0
20750723,481130181282,0.031572556162720096,0.1279716742539201
20750767,484530021074,0.193943763518385,0.1670061099796334
20753681,482011000011,0.09417433201927289,0.056765163297045104
20767365,480410021003,0.7419112114371708,0.6885245901639344
20771900,483030005011,0.2530612244897959,0.355726872246696
20773657,481439505023,0.300513698630137,0.28451882845188287
20774954,481390615002,0.30877302528879175,0.3216965742251223
20779194,484530006064,0.6362940275650842,0.8301610541727672
20781798,481210216421,0.08018867924528301,0.0
20798612,484090106041,0.0720771850170261,0.030447193149381543
20803332,484530007001,0.21512605042016808,0.3396501457725947
20808181,480519703003,0.36923076923076925,0.14655172413793102
20811678,480270223003,0.18744142455482662,0.07644110275689223
20819210,480850302071,0.12799283956142313,0.23707865168539327
20825648,481130107013,,
20826125,480291107001,0.4147368421052632,0.41446028513238287
20837983,484391042041,0.1570593149540518,0.11428571428571428
20841233,481130017051,0.10673965104344851,0.09128946367440091
20843455,480291910052,0.059907834101382486,0.12626262626262627
20845055,483239505003,0.46232339089481944,0.5918097754293263
20846144,481130141201,0.0035356511490866236,0.0
20849003,481130185063,0.6181818181818182,0.2809917355371901
20853611,483396915003,0.14798906677079265,0.09176365264100268
20856931,481210201284,0.0,0.0
20867028,482013109004,0.3585147247119078,0.3872901678657074
20871654,482014330061,0.32322357019064124,0.17328918322295805
20876416,481677247001,0.09670079635949944,0.2242152466367713
20879101,481677206022,0.08195819581958196,0.08638600328048114
20881063,480850318092,0.020186335403726708,0.024
20882044,481872101001,0.11402714932126697,0.25210727969348656
20885064,480291413003,0.2199710564399421,0.1738814114223354
20890854,481719505002,0.13929492691315562,0.14931927975406237
20891629,484659503012,0.39831697054698456,0.4098360655737705
20896203,483396936002,0.06522625356706074,0.10780669144981413
20901734,484530354001,0.0,0.011035007610350075
20902269,480291217021,0.12358946802794196,0.20062001771479185
20906237,484391141093,0.026426321316065805,0.0
20915930,482012408042,0.0,0.2608695652173913
20924283,481130190181,0.04640547736782046,0.044667274384685506
20930078,484530013123,0.01579520697167756,0.01693889897156685
20933210,484391107062,0.13196480938416422,0.18470790378006874
20946032,482012219003,0.6070811744386874,0.4901315789473684
20948743,480410013012,0.5976408912188729,0.3882978723404255
20949182,483732102063,0.03161810291382517,0.04529616724738676
20949756,482013308022,0.04305317324185249,0.029360210341805432
20954008,481677252002,0.3467741935483871,0.34184068058778033
20961193,484910203212,0.10252808988764045,0.17381489841986456
20969801,482015421053,0.11887905604719765,0.06910907577019151
20974420,481130079023,0.0,0.0
20974558,481677212032,0.03559322033898305,0.028839704896042925
20977560,480291913042,0.19984917043740574,0.389686684073107
20979006,480396606121,0.0072668550666128385,0.0
20980965,484391137131,0.15251897860593513,0.017998941238750663
20986113,481677250002,0.25132978723404253,0.24519230769230768
20992259,480410020171,0.7740345110928513,0.6317567567567568
20994792,484391136071,0.043933054393305436,0.051415094339622644
21003129,480410010023,0.5897658282740676,0.6203630623520127
21003804,482012504053,0.07297830374753451,0.014842300556586271
21003933,480850302061,0.060928182525278714,0.09624931053502482
21005257,480291101001,0.09306260575296109,0.16069057104913678
21005381,482013120001,0.1523545706371191,0.14809960681520315
21006420,481139802001,0.5982532751091703,0.7222222222222222
21006790,484910204031,0.056338028169014086,0.05896805896805897
21008002,480396606112,0.0,0.0
21018349,480270223001,0.39963503649635035,0.4182041820418204
21021699,484910203292,0.05221078134463961,0.1387463751951818
21022313,482019804001,,
21031520,480291817292,0.08560632896445862,0.01824655095683133
21032050,484530007001,0.21512605042016808,0.3396501457725947
21032268,481210217571,0.06548739179525781,0.0
21034313,481130021001,0.09983525535420099,0.13056057866184448
21036638,481576744014,0.003938946331856229,0.01688374336710082
21039602,481576723051,0.24876237623762376,0.07285223367697595
21040774,482013238011,0.0935430463576159,0.09486510008703221
21043695,484530006012,1.0,1.0
21047878,481130064021,0.12958752841831764,0.3178451178451178
21050557,484530401001,0.4243924392439244,0.5281124497991968
21050706,481576735012,0.060850052798310454,0.06819436775262286
21051047,480291101002,0.12896825396825398,0.048044692737430165
21052224,484530007001,0.21512605042016808,0.3396501457725947
21058624,482012503042,0.05368135927111549,0.14691943127962084
21058632,480396609022,0.012037315678603671,0.01260239445494644
21062942,483396902031,0.19432624113475178,0.17905918057663125
21065437,484530019232,0.08940158615717375,0.0
21065441,484530011023,0.0794044665012407,0.0
21066639,484391219053,0.11295180722891567,0.19402985074626866
21072216,484391037012,0.08771929824561403,0.20787818603111552
21074824,481439504012,,
21075195,480850305112,0.3195521102497847,0.0160481444332999
21077997,484391115132,0.1996311664361457,0.10833333333333334
21081496,480291218042,0.10292442081276111,0.24572080639026245
21084487,480410018033,0.204364023416711,0.3071182548794489
21086756,484391236002,0.3170149253731343,0.33554376657824936
21088202,484910205094,0.0,0.0
21088362,480410021003,0.7419112114371708,0.6885245901639344
21091566,480410021003,0.7419112114371708,0.6885245901639344
21092233,481576727034,0.08654797230464886,0.044124700239808155
21095949,484391130051,0.1941320293398533,0.11885895404120443
21097944,481130078222,0.12994652406417112,0.08441193021947102
21102501,482015430042,0.010058568882098294,0.02042018456705282
21102927,484499504004,0.06717451523545706,0.061371841155234655
21104357,483550023032,0.46808510638297873,0.33456334563345635
21105611,484790019003,0.6666666666666666,0.8458781362007168
21107761,484530006082,0.5717314487632509,0.7065989847715736
21108796,482450070023,0.3819655521783181,0.27969018932874357
21110187,480396621003,0.013063357282821686,0.0054869684499314125
21112071,482014106011,0.14873068432671083,0.16159250585480095
21119308,482013316031,0.5008403361344538,0.7686480186480187
21126079,482013120003,0.05825242718446602,0.02247191011235955
21126481,481410028004,0.8577405857740585,0.9534883720930233
21129596,482013120001,0.1523545706371191,0.14809960681520315
21132010,480291106003,0.2957983193277311,0.39372822299651566
21133185,482014317021,0.060719640179910044,0.08141592920353982
21135404,484530011021,0.030105368790767688,0.04851228978007762
21138090,482014312051,0.13170731707317074,0.18930041152263374
21143611,484391139392,0.130327868852459,0.0
21168139,480410020171,0.7740345110928513,0.6317567567567568
21175810,482015428003,0.1492262343404569,0.0562753036437247
21180181,482450019001,0.25285895806861497,0.23970722781335774
21182965,480850316132,0.05186721991701245,0.05781057810578106
21186196,480850304103,0.04834347532116295,0.0759974667511083
21186229,480850316251,0.1281618887015177,0.08422071636011616
21186388,480850302043,0.15169366715758467,0.0
21195829,484530469003,0.05910961466517022,0.0
21199855,483550021011,0.16983695652173914,0.08448753462603878
21201713,483396920101,0.01694915254237288,0.031217116801122415
21208301,480291101001,0.09306260575296109,0.16069057104913678
21210922,482014551031,0.11267605633802817,0.12978986402966625
21211011,481677222003,0.3450777202072539,0.18194444444444444
21212648,484391057053,0.22193746796514607,0.1701340730466944
