Crash_ID,label_source,label_batch,wrong_way,sidewalk_transition,driveway_alley,failure_to_yield,signal_violation,swerve_loss_control,dooring,distraction_impairment,vehicle_turning_across,lane_positioning,transported_hospital,unconsciousness,fracture,fatality,explicit_no_injury,failure_to_yield_actor,signal_violation_actor
18084267,automated,,0,0,0,0,1,0,0,0,0,0,0,0,0,0,0,,driver
18123439,human,2.0,0,0,0,1,0,0,0,0,0,0,0,0,0,0,0,driver,
18137184,human,2.0,0,0,0,0,0,0,0,1,0,0,0,0,0,0,0,,
18258555,automated,,0,0,1,1,0,0,0,0,0,0,1,0,0,0,0,rider,
18286020,human,1.0,1,0,1,1,0,0,0,0,1,1,1,0,1,0,0,driver,
18291178,automated,,0,0,0,0,0,0,0,0,0,0,0,0,0,0,0,,
18299940,automated,,0,0,0,0,1,0,0,0,0,1,0,0,0,0,0,,driver
18313764,automated,,0,0,1,1,0,0,0,0,0,0,1,0,0,0,0,rider,
18314365,human,1.0,0,0,0,0,0,0,0,0,0,1,1,0,0,0,0,,
18320652,automated,,0,1,0,1,1,0,0,0,0,0,0,0,0,0,0,driver,driver
18369868,human,1.0,0,0,0,0,0,0,0,1,1,0,1,0,0,1,0,,
18373106,automated,,0,1,0,0,0,0,0,0,0,0,0,0,0,0,0,,
18385472,human,1.0,0,0,0,0,1,0,0,0,0,0,1,0,0,0,0,,rider
18391216,human,1.0,0,0,1,0,0,0,0,1,1,0,0,0,0,0,0,,
18391833,human,1.0,1,0,0,0,0,0,0,0,0,0,0,0,1,0,0,,
18392142,human,1.0,0,0,0,0,0,0,0,0,1,0,0,0,0,0,0,,
18409305,automated,,0,0,0,0,0,1,0,0,0,0,0,0,0,0,0,,
18431591,automated,,0,1,0,0,0,0,0,0,1,1,1,0,0,0,0,,
18445363,automated,,0,1,1,1,0,0,0,0,1,0,0,0,0,0,0,rider,
18450191,automated,,0,0,0,0,0,0,0,1,0,0,0,0,0,0,0,,
18452325,human,1.0,0,0,0,0,0,0,0,0,0,0,0,0,0,0,0,,
18546608,automated,,0,1,0,1,0,0,0,0,0,0,0,0,0,0,0,rider,
18551567,automated,,0,0,1,0,0,0,0,0,0,0,1,0,0,0,0,,
18567504,automated,,0,0,0,0,0,0,0,1,1,0,0,0,0,0,0,,
18596396,automated,,0,0,0,1,0,0,0,0,1,0,0,0,0,0,0,rider,
18614327,automated,,0,0,0,1,1,0,0,0,1,0,0,0,0,0,0,rider,rider
18621759,human,1.0,0,0,1,1,0,0,0,0,1,0,0,0,0,0,0,driver,
18625016,human,1.0,0,0,0,0,1,0,0,1,0,0,1,0,0,0,0,,rider
18641849,human,1.0,1,0,0,0,0,0,0,1,0,1,0,0,0,1,0,,
18660262,automated,,0,1,0,0,0,0,0,0,0,1,0,0,0,0,0,,
18706178,human,1.0,0,0,0,0,1,1,0,0,0,1,0,0,0,0,1,,rider
18756943,human,1.0,0,0,1,1,0,0,0,0,0,0,0,0,0,0,0,rider,
18764612,human,1.0,0,0,0,1,1,0,0,0,0,0,0,0,0,0,1,rider,rider
18794429,automated,,0,0,0,0,0,0,0,0,0,0,0,0,0,0,0,,
18802924,human,1.0,0,0,0,0,0,0,0,0,0,0,0,0,0,0,0,,
18805222,automated,,0,0,0,0,0,1,0,0,0,1,0,0,0,0,0,,
18806351,human,1.0,0,0,0,0,0,0,0,0,0,1,0,0,0,0,1,,
18818841,automated,,0,0,0,0,1,0,0,0,0,0,0,0,0,0,0,,rider
18867093,automated,,0,0,0,1,0,0,0,0,0,0,1,0,1,0,0,rider,
18881223,human,2.0,0,0,0,0,0,0,0,1,0,0,1,0,0,0,0,,
18906035,automated,,0,0,1,0,0,0,0,0,1,1,0,0,0,0,0,,
18915979,human,2.0,0,0,0,1,0,0,0,1,1,0,0,0,0,0,0,unclear,
18923620,human,1.0,0,0,0,0,0,0,0,1,1,0,1,0,0,1,0,,
18925961,human,1.0,0,0,0,0,0,1,0,0,1,0,0,0,0,0,0,,
18941232,automated,,0,0,0,1,0,0,0,0,0,1,1,0,0,0,0,rider,
18951170,human,1.0,0,0,0,0,0,0,0,0,0,0,0,0,0,0,0,,
18965473,automated,,0,1,0,1,0,0,0,0,0,0,0,0,0,0,0,rider,
18967267,automated,,0,1,0,0,1,0,0,0,0,0,1,1,0,0,0,,driver
18985335,automated,,0,0,0,0,0,0,0,1,0,0,1,0,0,0,0,,
18992871,automated,,1,0,0,1,0,0,0,0,0,0,0,0,0,0,1,rider,
18993054,automated,,0,0,0,0,0,0,0,0,0,1,0,0,0,0,0,,
18995056,human,2.0,0,0,0,0,0,0,0,0,0,1,0,0,0,0,1,,
19003825,automated,,0,0,0,0,0,0,0,0,1,0,0,0,0,0,0,,
19010130,human,1.0,0,1,0,0,0,1,0,1,1,0,0,0,0,0,1,,
19011663,human,2.0,0,0,0,0,0,0,0,0,0,0,0,0,0,0,0,,
19015926,human,1.0,0,0,0,1,0,0,0,0,0,0,1,0,0,0,0,unclear,
19028413,automated,,0,0,0,1,0,0,0,1,1,0,0,0,0,0,0,driver,
19030755,human,1.0,0,0,0,0,1,0,0,0,0,0,0,0,0,0,0,,rider
19031335,human,2.0,0,0,1,0,0,0,0,1,0,0,0,0,0,0,0,,
19038674,human,2.0,0,0,0,0,1,0,0,0,0,0,1,0,0,0,0,,rider
19041843,automated,,0,0,0,1,0,0,0,0,0,1,0,0,0,0,1,rider,
19043371,automated,,0,0,1,1,0,0,0,0,1,1,1,0,0,0,0,driver,
19044104,human,1.0,0,0,0,1,0,0,0,0,1,1,1,0,0,0,0,driver,
19052739,automated,,1,0,0,0,0,0,0,0,0,1,1,0,0,0,0,,
19055507,human,1.0,0,0,1,0,0,0,0,0,0,0,0,0,0,0,0,,
19058086,automated,,0,0,1,0,0,0,0,0,0,0,0,0,0,0,1,,
19058199,automated,,0,0,0,0,0,1,0,1,0,0,0,0,0,0,0,,
19062803,automated,,0,1,1,0,0,0,0,0,0,0,0,0,0,0,0,,
19063162,human,1.0,1,0,0,0,1,0,0,0,0,0,0,0,0,0,0,,rider
19086156,automated,,0,1,0,1,0,0,0,0,1,0,0,0,0,0,0,both,
19090003,automated,,0,0,0,1,1,0,0,0,0,1,0,0,0,0,0,driver,driver
19108452,human,2.0,0,0,0,1,0,0,0,0,1,0,0,0,0,0,0,driver,
19109523,automated,,0,1,1,1,0,0,0,0,0,0,0,0,0,0,0,both,
19111788,human,1.0,0,0,0,1,0,0,0,0,0,0,0,0,0,0,0,driver,driver
19111838,automated,,0,0,1,0,0,0,0,1,1,0,0,0,0,0,0,,
19121524,automated,,0,0,0,1,1,0,0,0,0,0,0,0,0,0,0,rider,rider
19126204,human,2.0,0,0,0,0,0,0,0,0,0,0,0,0,0,0,1,,
19127244,automated,,0,0,1,1,0,0,0,0,0,1,0,0,0,0,0,rider,
19127529,automated,,0,0,1,0,0,0,0,0,0,0,0,0,0,0,0,,
19130882,automated,,0,1,0,1,0,0,0,0,0,0,1,0,0,0,0,rider,
19131543,automated,,0,0,0,0,0,0,0,1,0,0,0,0,0,0,0,,
19133592,automated,,0,0,0,1,0,0,0,0,0,0,0,0,0,0,0,rider,
19138340,human,1.0,0,0,1,0,0,1,0,0,0,0,0,0,0,0,0,,
19142204,human,1.0,0,0,0,0,0,0,0,0,1,0,0,0,0,0,0,,
19148829,human,1.0,0,1,0,0,1,0,0,0,1,0,0,0,0,0,0,,rider
19159800,automated,,0,0,0,0,0,0,0,0,0,0,0,0,0,0,0,,
19159849,automated,,0,0,0,0,0,0,0,0,1,0,0,0,0,0,0,,
19159931,human,1.0,0,0,0,0,1,1,0,0,0,0,0,0,0,0,0,,rider
19174169,automated,,0,0,0,0,0,0,0,1,0,0,1,0,0,0,0,,
19174978,human,1.0,0,0,1,0,0,0,0,0,0,0,0,0,0,0,0,,
19180118,human,1.0,1,0,0,0,0,0,0,0,1,1,0,0,0,0,0,,
19183894,human,1.0,0,0,0,0,0,0,0,0,0,1,0,0,0,0,0,,
19185174,human,1.0,0,1,0,0,0,0,0,1,0,0,0,0,0,0,0,,
19186525,human,1.0,0,0,1,0,0,0,0,0,0,1,0,0,0,0,0,,
19186739,automated,,0,1,0,0,0,0,0,0,1,0,0,0,0,0,0,,
19189676,automated,,0,0,0,0,0,0,0,0,0,0,0,0,0,0,0,,
19195336,human,1.0,0,0,0,0,0,0,0,0,0,1,0,0,0,0,0,,
19196622,automated,,1,0,0,0,0,0,0,0,0,1,0,0,0,0,0,,
19218694,automated,,0,1,0,1,0,0,0,0,1,0,0,0,0,0,0,rider,
19219749,automated,,0,1,0,0,0,0,0,0,0,0,0,0,0,0,0,,
19251585,automated,,0,0,0,0,0,0,0,0,0,1,0,0,0,0,1,,
19254440,human,1.0,0,0,0,1,1,0,0,0,0,0,0,0,0,0,1,rider,driver
19254711,automated,,0,0,0,1,0,0,0,0,1,0,0,0,0,0,0,driver,
19270000,human,1.0,0,0,0,1,0,0,0,0,1,1,0,0,0,0,0,driver,
19272573,automated,,0,0,0,1,0,0,0,0,0,0,0,0,0,0,0,rider,
19272749,automated,,0,0,0,0,1,0,0,0,0,1,0,0,0,0,0,,rider
19274295,automated,,1,1,0,1,1,0,0,0,0,0,0,0,0,0,0,rider,rider
19286469,automated,,0,1,0,1,0,0,0,1,1,0,1,0,0,0,0,driver,
19313514,automated,,0,0,0,0,0,0,0,1,1,0,1,0,0,0,1,,
19322713,automated,,0,0,0,0,0,0,0,1,0,0,0,0,0,0,0,,
19336857,automated,,0,1,0,1,0,0,0,0,0,0,0,0,0,0,0,rider,
19342070,automated,,0,0,0,0,0,0,0,0,0,0,0,0,0,0,0,,
19343481,automated,,0,1,0,0,0,0,0,0,0,0,0,0,0,0,1,,
19350178,automated,,0,1,1,0,0,0,0,0,0,0,1,0,0,0,0,,
19356628,automated,,0,0,0,0,1,0,0,0,0,0,1,0,0,0,0,,rider
19357329,automated,,0,0,0,1,0,0,0,0,0,0,0,0,0,0,1,rider,
19358885,human,2.0,0,0,0,0,0,0,0,0,0,0,0,0,0,0,0,,
19361623,automated,,0,0,0,0,0,0,0,0,1,1,1,0,0,0,0,,
19365016,human,1.0,0,0,0,0,1,0,0,0,0,0,0,0,0,0,0,,rider
19369660,automated,,0,1,1,0,0,0,0,0,0,0,0,0,0,0,0,,
19370199,automated,,0,0,0,0,0,0,0,0,0,0,0,0,0,0,0,,
19382500,human,2.0,0,0,0,0,1,0,0,0,0,0,0,0,0,0,0,,rider
19389140,automated,,0,0,0,1,0,0,0,0,0,0,0,0,0,0,0,rider,
19400069,automated,,0,1,1,0,0,0,0,0,0,0,0,0,0,0,0,,
19402680,human,1.0,0,0,0,0,0,0,0,0,0,0,0,0,0,0,0,,
19405353,human,1.0,1,0,0,1,0,0,0,0,1,1,0,0,0,0,0,driver,
19408210,automated,,0,0,0,0,0,0,0,1,0,0,0,0,1,0,0,,
19415461,automated,,0,0,1,0,0,0,0,0,0,0,0,0,0,0,0,,
19419756,human,1.0,0,0,0,0,0,0,0,0,0,0,0,0,0,0,0,,
19420746,automated,,0,0,0,1,0,0,0,0,1,0,1,0,0,0,0,driver,
19421338,human,1.0,0,0,0,1,0,0,0,0,0,0,0,0,0,0,0,rider,
19421895,human,1.0,0,0,1,0,0,0,0,0,1,1,0,0,0,0,0,driver,
19423677,automated,,0,0,0,0,0,0,0,0,1,0,1,0,0,0,0,,
19423704,automated,,0,0,0,1,0,0,0,0,0,0,0,0,0,0,0,driver,
19430118,automated,,0,0,1,1,0,0,0,0,0,0,0,0,0,0,0,rider,
19430549,automated,,0,1,1,0,0,0,0,0,0,0,0,0,0,0,0,,
19430683,automated,,0,0,1,1,0,0,0,0,1,0,0,0,0,0,0,driver,
19437706,human,1.0,0,0,1,1,0,0,0,0,0,1,0,0,0,0,0,driver,
19438471,automated,,0,1,0,0,0,0,0,0,0,0,0,0,0,0,0,,
19460617,automated,,0,1,0,1,0,0,0,0,0,0,0,0,0,0,0,rider,
19467254,automated,,0,0,0,1,0,0,0,0,1,0,0,0,0,0,0,driver,
19468303,automated,,0,0,0,0,0,0,0,0,1,0,0,0,0,0,0,,
19470483,human,1.0,1,0,0,0,0,0,0,0,0,1,0,0,0,0,0,,
19472952,human,2.0,0,0,0,0,0,1,0,1,0,0,0,0,0,0,0,,
19475564,automated,,0,0,0,0,0,1,0,0,0,0,1,0,0,0,0,,
19477001,automated,,1,0,0,0,0,0,0,0,0,0,1,0,0,0,0,,
19491838,automated,,1,0,1,0,0,0,0,0,0,0,0,0,0,0,0,,
19507353,automated,,0,0,0,1,1,0,0,0,0,0,0,0,0,0,0,rider,rider
19517409,human,1.0,1,0,0,0,0,1,0,1,0,0,0,0,0,0,0,,
19522285,automated,,0,0,1,0,0,0,0,0,1,0,1,0,0,0,0,,
19526549,automated,,0,0,0,1,1,0,0,0,1,0,0,0,0,0,0,driver,driver
19533819,human,1.0,0,0,1,0,0,0,0,1,0,0,0,0,1,0,0,,
19537291,automated,,0,0,0,0,0,0,0,1,0,1,0,0,0,0,0,,
19540181,automated,,0,1,0,0,0,0,0,0,1,0,1,0,0,0,0,,
19540388,automated,,1,0,0,0,0,0,0,0,0,0,0,0,0,0,0,,
19541467,automated,,0,0,0,0,0,0,0,0,0,0,0,0,0,0,0,,
19552914,automated,,0,0,0,0,0,0,0,0,1,0,1,0,0,0,0,,
19559491,automated,,0,0,0,0,0,0,0,0,0,0,0,0,0,0,0,,
19563636,automated,,0,0,0,0,0,0,0,0,1,0,0,0,0,0,1,,
19564787,automated,,0,0,1,0,0,0,0,0,0,0,0,0,0,0,0,,
19582024,human,1.0,0,0,0,0,0,0,0,0,0,1,0,0,0,0,0,,
19595833,automated,,0,0,0,0,0,0,0,0,1,0,0,0,0,0,0,,
19598321,human,1.0,0,0,1,0,0,0,0,0,0,0,0,0,0,0,0,,
19604789,automated,,0,0,0,1,0,0,0,0,1,0,0,0,0,0,0,driver,
19609475,automated,,0,1,1,0,0,1,0,0,1,0,0,0,0,0,0,,
19619530,automated,,0,0,0,0,0,0,0,0,1,1,0,0,0,0,0,,
19623670,automated,,0,0,1,0,0,0,0,0,0,0,1,0,0,0,0,,
19627016,human,2.0,0,0,0,1,0,0,0,0,0,0,1,1,0,0,0,driver,
19629633,automated,,0,1,0,1,0,0,0,0,0,0,0,0,0,0,1,driver,
19633539,automated,,0,0,1,1,0,0,0,0,0,0,1,0,0,0,0,rider,
19638154,automated,,0,0,0,1,0,0,0,0,0,0,0,0,0,0,0,rider,
19651475,human,1.0,0,0,0,0,1,0,0,0,0,0,1,0,1,0,0,,rider
19653793,human,1.0,1,0,1,0,0,1,0,1,1,1,1,0,0,0,0,,
19660941,automated,,0,0,1,0,0,0,0,0,1,0,0,0,0,0,0,,
19661312,human,1.0,1,0,0,0,0,0,0,0,1,1,0,0,0,0,0,,
19662004,human,1.0,0,0,0,0,1,0,0,0,0,1,0,0,0,0,0,,driver
19663095,automated,,0,0,1,1,0,0,0,0,0,0,0,0,0,0,0,rider,
19683418,automated,,0,0,0,0,1,0,0,0,0,0,0,0,0,0,1,,rider
19686907,human,1.0,0,0,0,1,0,0,0,1,1,0,0,0,0,0,0,driver,
19691273,automated,,0,1,0,0,0,0,0,0,0,0,0,1,0,0,0,,
19696501,human,1.0,0,0,0,0,0,0,0,0,0,0,1,0,0,0,0,,
19701571,human,1.0,0,0,0,0,0,1,0,0,0,1,0,0,0,0,0,,
19706137,human,1.0,0,0,0,0,0,0,0,0,0,1,0,0,0,0,0,,
19709866,automated,,0,0,0,0,0,0,0,0,0,0,0,0,0,0,0,,
19714635,automated,,0,0,0,1,1,0,0,0,0,0,0,0,0,0,0,rider,rider
19717875,human,2.0,0,0,0,0,0,0,0,0,0,0,0,0,0,0,1,,
19724045,automated,,0,1,0,0,0,0,0,0,0,0,0,0,0,0,0,,
19724162,automated,,0,1,1,0,0,0,0,0,0,0,1,0,0,0,0,,
19735764,automated,,0,0,1,0,0,0,0,0,0,0,0,0,0,0,1,,
19738411,automated,,0,0,0,0,0,0,0,0,0,0,0,0,0,0,0,,
19752721,human,1.0,0,0,0,0,0,0,0,0,1,0,0,0,0,0,0,,
19764578,automated,,0,1,1,1,0,0,0,0,1,0,0,0,0,0,1,driver,
19767231,human,1.0,0,0,0,0,1,0,0,0,0,0,0,0,0,0,0,,driver
19789804,automated,,0,0,0,0,0,0,0,0,0,0,1,0,0,0,0,,
19793128,human,1.0,0,0,0,0,0,1,0,0,0,0,0,0,0,0,0,,
19804488,human,1.0,0,0,0,0,0,0,0,0,0,1,0,0,0,0,0,,
19804617,automated,,0,0,1,0,0,0,0,0,0,0,0,0,0,0,0,,
19818376,human,1.0,0,1,0,1,1,0,0,0,0,0,0,0,0,0,0,rider,rider
19819680,automated,,0,0,0,0,0,0,0,0,0,0,1,0,0,0,0,,
19824473,human,1.0,1,0,0,0,0,0,0,0,0,1,0,0,0,0,1,,
19829368,automated,,0,0,0,1,1,0,0,0,0,0,0,0,0,0,0,rider,rider
19831483,human,1.0,0,0,1,1,0,0,0,0,0,0,0,0,0,0,0,rider,
19832336,automated,,0,1,0,0,0,0,0,1,0,0,0,0,0,0,0,,
19838154,automated,,0,0,0,0,0,1,0,0,0,0,0,0,0,0,0,,
19841743,human,1.0,0,0,1,0,0,0,0,0,1,0,0,0,0,0,0,,
19843126,human,1.0,0,0,0,0,0,0,0,1,0,1,1,0,0,0,0,,
19846755,automated,,0,1,0,0,0,0,0,0,0,0,0,0,0,0,0,,
19850030,human,1.0,0,1,0,0,0,0,0,0,0,1,0,0,0,0,0,,
19852246,automated,,0,0,1,0,0,0,0,0,1,0,0,0,0,0,0,,
19862768,automated,,0,0,0,0,0,0,0,0,0,0,0,0,0,0,0,,
19866223,human,1.0,0,0,0,0,0,1,0,0,0,0,0,0,0,0,1,,
19874580,human,1.0,0,0,1,0,0,0,0,1,0,0,0,0,0,0,0,,
19894547,automated,,0,1,1,1,0,0,0,0,1,0,1,0,0,0,0,rider,
19906400,human,1.0,0,0,0,0,0,0,0,0,0,0,0,0,0,0,0,,rider
19917295,human,1.0,0,0,0,0,0,0,0,1,1,1,0,0,0,0,0,,
19925630,human,1.0,0,0,1,0,0,1,0,1,0,1,0,0,0,0,0,,
19929608,automated,,0,0,0,1,0,0,0,0,0,0,0,0,0,0,0,rider,
19936064,automated,,0,1,0,0,0,0,0,0,1,0,1,0,0,0,0,,
19939160,human,1.0,0,0,0,0,0,1,0,0,0,0,1,0,0,0,0,,
19951535,human,1.0,0,0,1,0,0,0,0,0,0,0,0,0,0,0,0,,
19965049,automated,,0,0,0,0,0,0,0,0,0,0,0,0,0,0,0,,
19970856,human,1.0,0,0,0,0,0,0,0,0,0,0,0,0,0,0,1,,
20000350,automated,,0,0,0,0,1,0,0,0,0,0,0,0,0,0,0,,rider
20003726,automated,,0,1,0,0,0,0,0,0,1,0,1,0,1,0,0,,
20004253,automated,,0,1,1,0,0,0,0,0,0,0,0,0,0,0,0,,
20010107,automated,,0,0,0,0,0,0,0,0,0,1,0,1,0,0,0,,
20015570,human,1.0,0,0,1,0,0,0,0,0,1,0,0,0,0,0,0,,
20020060,human,1.0,0,0,1,0,0,0,0,0,0,0,0,0,0,0,1,,
20021369,automated,,0,0,0,0,0,0,0,0,0,0,0,0,0,0,0,,
20022518,automated,,0,1,0,1,0,0,0,0,1,0,1,0,0,0,0,driver,
20023141,automated,,0,0,0,0,0,0,0,0,0,0,1,0,0,0,0,,
20024809,human,1.0,0,0,0,0,0,0,1,1,0,0,1,0,0,0,0,,
20032187,automated,,0,1,1,0,0,0,0,1,1,0,0,0,0,0,0,,
20047472,human,2.0,0,0,0,0,0,0,0,1,1,1,1,0,0,0,0,,
20048510,human,1.0,0,0,0,0,0,0,0,0,1,0,0,0,0,0,0,,
20080870,automated,,0,0,0,1,0,1,0,0,1,1,0,0,0,0,0,rider,
20081399,human,1.0,0,0,0,1,0,0,0,0,0,0,0,0,0,0,0,rider,
20083053,automated,,0,0,0,1,1,0,0,0,1,1,1,0,0,0,0,rider,rider
20084491,automated,,0,1,0,1,0,0,0,0,1,0,0,0,0,0,0,driver,
20089553,human,1.0,0,0,1,0,0,0,0,0,0,0,0,0,0,0,0,,
20094195,human,1.0,0,0,0,0,0,0,0,0,0,1,0,0,0,0,0,,
20099777,automated,,0,0,0,0,0,0,0,0,1,0,1,0,0,0,0,,
20101116,human,1.0,0,0,1,1,0,0,0,0,1,0,0,0,0,0,0,rider,
20103657,human,2.0,0,0,0,1,0,0,0,0,0,0,0,0,0,0,0,rider,
20112813,automated,,0,1,0,0,0,0,0,0,0,0,1,0,0,0,0,,
20114613,human,1.0,1,0,0,0,0,0,0,1,0,0,1,0,0,0,0,,
20121378,automated,,0,0,0,0,0,0,0,0,0,0,0,0,0,0,0,,
20124884,human,1.0,0,0,0,0,0,0,0,1,0,0,1,0,0,0,0,,
20140364,automated,,0,1,0,0,0,0,0,1,0,0,0,0,0,0,0,,
20154484,human,1.0,0,0,1,0,0,0,0,1,0,0,1,0,0,0,0,,
20159431,automated,,0,1,1,0,0,0,0,0,0,0,1,0,0,0,0,,
20161216,automated,,0,0,0,1,0,0,0,0,0,0,1,0,0,0,0,driver,
20183025,human,1.0,0,1,0,1,0,0,0,0,0,0,0,0,0,0,0,rider,
20183822,human,1.0,0,0,1,0,0,0,0,0,0,1,0,0,0,0,1,,
20198019,automated,,0,0,1,0,0,0,0,0,0,0,0,0,0,0,0,,
20202393,automated,,0,1,0,1,1,0,0,0,1,0,0,0,0,0,0,rider,rider
20207046,automated,,0,0,0,1,0,0,0,0,1,0,0,0,0,0,0,driver,
20211473,automated,,0,1,0,0,0,0,0,0,0,0,0,0,0,0,0,,
20216761,human,1.0,0,0,1,0,0,0,0,1,1,0,0,0,0,0,0,,
20231519,automated,,0,0,0,0,0,0,0,0,0,0,0,0,0,0,0,,
20240878,human,1.0,0,0,1,1,0,0,0,0,0,0,1,0,0,0,0,driver,
20247194,automated,,0,0,0,0,0,0,0,0,1,0,0,0,0,0,0,,
20248203,automated,,0,0,0,0,0,0,0,0,0,1,0,0,0,0,0,,
20250526,automated,,0,1,0,1,0,0,0,0,0,0,0,0,0,0,0,driver,
20255177,automated,,0,0,0,1,0,0,0,0,1,1,1,0,0,0,0,driver,
20263828,automated,,0,1,0,0,0,0,0,0,0,0,0,0,0,0,0,,
20268199,human,2.0,0,0,1,0,0,1,0,0,0,0,0,0,0,0,0,,
20270590,human,1.0,0,0,0,0,0,1,0,0,0,0,0,0,0,0,0,,
20276277,automated,,0,1,1,0,0,0,0,1,0,0,1,0,0,0,0,,
20278396,automated,,0,0,0,0,1,0,0,0,0,0,0,0,0,0,0,,rider
20280232,automated,,0,0,0,0,0,0,0,0,1,1,1,0,0,0,0,,
20280929,automated,,0,1,0,1,0,0,0,0,0,0,0,0,0,0,0,driver,
20282612,automated,,0,0,0,1,1,0,0,0,0,0,1,0,0,0,0,rider,rider
20283477,automated,,0,0,0,0,0,0,0,0,1,1,0,0,0,0,0,,
20301756,automated,,0,0,0,1,0,0,0,1,1,0,1,0,0,0,0,driver,
20301900,automated,,0,0,0,0,0,0,0,0,0,1,1,0,0,0,0,,
20302188,automated,,0,1,0,0,0,0,0,0,1,0,0,0,0,0,0,,
20304849,human,2.0,0,0,0,1,0,0,0,0,0,0,1,0,0,0,0,driver,
20305777,automated,,0,0,0,0,0,0,0,0,0,0,0,0,0,0,0,,
20323085,human,1.0,0,0,1,0,0,0,0,0,1,0,1,0,0,0,0,,
20323121,automated,,0,0,1,1,0,0,0,0,1,0,0,0,0,0,0,driver,
20327993,automated,,0,0,0,0,0,0,0,0,0,0,0,0,0,0,0,,
20336171,automated,,0,0,0,0,0,0,0,0,0,0,0,0,0,0,0,,
20344537,automated,,0,0,0,1,1,0,0,0,0,0,1,0,0,0,0,rider,rider
20364240,automated,,0,0,0,1,1,0,0,0,0,0,0,0,0,0,1,rider,rider
20368192,automated,,0,0,0,1,1,0,0,0,0,0,0,0,0,0,1,driver,driver
20375534,automated,,0,0,0,1,0,0,0,1,1,0,0,0,0,0,0,unclear,
20378330,automated,,0,0,0,1,0,0,0,0,0,0,0,0,0,0,0,rider,
20383782,automated,,0,0,0,1,0,0,0,0,1,0,0,0,0,0,0,rider,
20384101,automated,,0,0,0,0,0,1,0,0,1,0,1,0,0,0,0,,
20385074,automated,,0,1,0,1,0,0,0,0,0,0,1,0,0,0,0,rider,
20397172,human,1.0,0,0,0,0,0,0,0,1,0,1,0,0,0,0,0,,
20397823,automated,,0,1,0,0,0,0,0,0,1,0,1,0,1,0,0,,
20403304,automated,,0,0,0,0,1,0,0,0,0,0,0,0,0,0,0,,rider
20406549,automated,,0,0,0,0,1,0,0,0,0,0,0,0,0,0,0,,rider
20411572,human,1.0,0,0,0,0,1,0,0,0,0,0,0,0,0,0,0,,rider
20418910,automated,,1,0,1,0,0,0,0,0,0,0,0,0,0,0,0,,
20422898,human,1.0,1,0,0,0,0,0,1,0,0,1,0,0,0,0,0,,
20430323,automated,,0,1,0,1,0,0,0,0,1,0,0,0,0,0,0,driver,
20430425,automated,,0,0,0,0,0,0,0,0,1,0,1,0,0,0,0,,
20434392,automated,,0,0,0,0,0,0,0,0,1,1,0,0,0,0,0,,
20434406,automated,,0,1,0,0,0,0,0,0,0,0,0,0,0,0,0,,
20447249,human,1.0,0,0,1,0,0,0,0,0,0,0,1,0,0,0,0,,
20447519,human,2.0,1,0,0,0,0,0,0,0,1,1,0,0,0,0,1,,
20461799,automated,,0,0,0,0,1,0,0,0,0,1,0,0,0,0,0,,driver
20468976,human,2.0,0,0,0,0,0,0,0,0,0,0,0,0,0,0,0,,
20476165,automated,,0,0,0,0,0,0,0,1,1,1,1,0,0,0,0,,
20477394,automated,,0,0,0,1,0,0,0,0,0,0,0,0,0,0,0,rider,
20478407,human,1.0,0,0,0,0,0,0,0,0,0,1,1,0,0,1,0,,
20480266,automated,,0,0,0,0,0,1,0,0,0,1,1,0,0,0,0,,
20482673,automated,,0,0,0,0,1,0,0,0,0,1,0,0,0,0,0,,driver
20485089,automated,,0,0,0,0,0,1,0,0,1,1,0,0,0,0,0,,
20488017,automated,,0,0,1,0,0,0,0,0,1,1,1,0,0,0,0,,
20488368,automated,,0,0,1,0,0,1,0,1,1,1,0,0,0,0,0,,
20489141,automated,,0,0,0,0,1,0,0,0,1,0,1,0,0,0,0,,driver
20489984,automated,,0,1,1,1,0,0,0,0,0,0,0,0,0,0,0,driver,
20491602,human,1.0,0,0,1,0,0,0,0,0,1,1,0,0,0,0,0,,
20493115,automated,,0,1,0,1,0,0,0,0,1,0,0,0,0,0,0,driver,
20500092,human,2.0,0,0,1,0,0,1,0,0,1,0,0,0,0,0,0,,
20501375,automated,,0,1,0,0,0,0,0,0,0,1,0,0,0,0,0,,
20501710,automated,,0,0,0,0,0,0,0,0,0,1,1,0,0,0,0,,
20512902,automated,,0,0,0,0,1,0,0,0,0,1,0,0,0,0,0,,driver
20520178,automated,,0,0,0,0,0,0,0,1,0,1,0,0,0,0,0,,
20522383,human,1.0,1,0,0,0,0,0,0,0,0,1,0,0,0,0,0,,
20538124,automated,,0,1,0,1,1,0,0,0,1,0,0,0,0,0,0,driver,driver
20538618,human,2.0,0,0,0,0,1,0,0,0,0,0,1,0,0,0,0,,rider
20544011,automated,,0,0,0,0,0,0,0,0,0,0,0,0,0,0,0,,
20553131,human,1.0,0,0,0,0,0,1,0,0,0,0,0,0,0,0,0,,
20553888,automated,,0,0,0,1,0,0,0,0,0,0,1,0,0,0,0,rider,
20559541,human,1.0,0,0,0,1,0,0,0,1,0,0,0,0,0,0,0,rider,rider
20559560,human,1.0,0,0,1,0,0,1,0,0,1,0,1,0,0,0,0,,
20559900,automated,,0,1,0,0,0,0,0,1,1,0,0,0,0,0,0,,
20565125,automated,,0,1,1,0,0,0,0,1,1,0,0,0,0,0,1,,
20568597,automated,,0,1,0,1,0,0,0,0,0,0,0,0,0,0,0,rider,
20574462,human,2.0,0,0,0,0,1,0,0,0,0,1,1,0,0,0,0,,rider
20578639,human,1.0,0,1,0,1,0,0,0,1,0,0,0,0,0,0,0,rider,
20578714,automated,,0,0,0,1,1,0,0,0,0,0,0,0,0,0,0,driver,driver
20579424,automated,,0,0,0,1,0,0,0,0,0,0,0,0,0,0,0,driver,
20580720,automated,,0,1,0,0,0,0,0,0,1,0,0,0,0,0,0,,
20580870,automated,,0,1,1,1,0,0,0,0,1,0,0,0,0,0,1,driver,
20582376,automated,,0,0,0,1,1,0,0,0,0,1,0,0,0,0,0,rider,rider
20582708,human,1.0,0,0,0,0,0,0,0,0,1,0,1,0,0,0,1,,
20583145,automated,,0,0,0,0,0,0,0,0,1,0,0,0,0,0,0,,
20586599,automated,,0,0,0,0,0,0,0,0,0,0,0,0,0,0,0,,
20589104,automated,,0,0,0,0,0,0,0,0,0,1,0,0,0,0,0,,
20602973,automated,,0,0,1,0,0,0,0,0,0,0,0,0,0,0,1,,
20605956,human,1.0,0,0,1,0,0,0,0,0,0,1,0,0,0,0,0,,
20606091,human,1.0,0,0,0,0,1,0,0,0,0,0,0,0,0,0,0,,rider
20608805,human,2.0,0,0,1,1,0,0,0,0,1,0,0,0,0,0,0,driver,
20611920,automated,,0,0,1,0,0,0,0,0,0,0,0,1,0,0,0,,
20612065,automated,,0,0,0,0,1,0,0,0,0,0,0,0,0,0,0,,rider
20612331,automated,,0,1,0,1,0,0,0,0,1,0,0,0,0,0,0,driver,
20613236,human,1.0,0,0,0,0,1,0,0,0,0,0,0,0,0,0,0,,rider
20620121,automated,,0,1,0,1,0,0,0,0,0,0,0,0,0,0,0,rider,
20633867,automated,,0,1,0,0,0,0,0,0,0,0,0,0,0,0,0,,
20642185,automated,,0,0,0,0,0,1,0,0,0,0,0,0,1,0,0,,
20643678,human,2.0,0,0,0,0,0,0,0,0,0,0,0,0,0,0,0,,
20650631,automated,,0,1,0,0,1,0,0,0,0,0,1,0,0,1,0,,driver
20650849,automated,,0,1,0,0,0,0,0,0,0,0,0,0,0,0,0,,
20657977,human,2.0,0,0,0,0,0,0,0,0,0,1,0,0,0,0,0,,
20658124,automated,,0,1,0,1,0,0,0,0,1,0,0,0,0,0,0,rider,
20668494,automated,,0,0,0,0,0,0,0,0,0,0,0,0,0,0,0,,
20695518,automated,,0,0,0,0,0,0,0,0,1,0,0,0,0,0,0,,
20705537,human,2.0,0,0,0,0,0,0,0,0,1,0,0,0,0,0,0,,
20713506,automated,,0,1,0,1,0,0,0,0,1,0,0,0,0,0,1,driver,
20714698,human,1.0,0,0,1,0,0,0,0,0,0,0,1,0,0,0,0,unclear,
20715097,human,1.0,0,1,0,1,0,1,0,0,1,0,1,0,0,0,1,driver,
20716178,automated,,0,0,0,1,1,0,0,0,0,0,0,0,0,0,0,rider,rider
20720478,automated,,0,0,0,1,1,0,0,1,0,0,0,0,0,0,0,rider,rider
20734482,human,2.0,0,0,0,0,0,1,0,0,0,0,0,0,0,0,1,,
20737162,automated,,0,1,0,1,0,0,0,0,1,0,0,0,0,0,0,driver,
20740047,automated,,0,0,0,0,0,0,0,1,1,0,0,0,0,0,0,,
20742992,human,1.0,0,0,0,0,1,0,0,1,1,1,1,0,0,0,0,,rider
20748142,human,1.0,0,0,0,1,0,0,0,0,0,0,0,0,0,0,0,rider,
20750723,automated,,0,0,0,1,0,0,0,0,0,1,1,0,0,1,0,rider,
20750767,automated,,0,0,0,0,0,0,0,0,1,1,1,0,0,0,0,,
20753681,automated,,0,1,0,1,0,0,0,0,0,0,1,0,0,0,0,rider,
20767365,automated,,0,0,0,0,0,0,0,0,0,0,0,0,0,0,0,,
20771900,human,2.0,0,0,0,0,0,0,0,0,0,0,0,0,0,0,0,,
20773657,automated,,0,0,0,1,0,0,0,0,1,0,0,0,0,0,0,driver,
20774954,automated,,0,0,1,1,0,0,0,0,0,0,1,0,0,0,0,driver,
20779194,automated,,0,0,0,1,0,0,0,0,0,0,0,0,0,0,0,rider,
20781798,automated,,0,0,0,0,1,0,0,0,0,0,1,0,0,0,0,,rider
20798612,automated,,0,0,1,1,0,0,0,0,1,1,1,0,0,0,0,driver,
20803332,human,1.0,0,0,0,0,0,1,0,0,0,0,1,0,0,0,0,,
20808181,automated,,0,0,0,1,1,0,0,0,0,0,0,0,0,0,0,driver,driver
20808269,human,2.0,0,0,0,0,0,0,0,0,0,0,0,0,0,0,0,,
20811678,automated,,0,0,1,1,0,0,0,0,0,1,1,0,0,0,0,rider,
20817104,human,1.0,0,0,0,0,0,1,0,0,0,0,0,0,0,0,0,,
20819210,human,1.0,0,0,0,0,0,0,0,0,0,1,0,0,0,1,0,,
20825648,human,1.0,0,0,1,1,0,0,0,0,0,1,0,0,0,0,0,driver,
20826125,human,1.0,0,0,0,0,1,0,0,0,0,0,0,0,0,0,0,,rider
20837983,automated,,1,0,0,1,0,0,0,0,1,1,0,0,0,0,0,driver,
20841233,automated,,0,1,0,1,0,0,0,0,0,0,0,0,0,0,0,both,
20843455,human,1.0,0,0,0,0,0,0,0,0,0,0,1,0,0,0,0,,
20845055,human,1.0,0,0,0,0,1,1,0,0,0,0,0,0,0,0,0,,rider
20846144,human,2.0,0,0,0,0,0,0,0,0,0,1,0,0,0,0,0,,
20849003,automated,,0,0,0,0,1,0,0,1,0,0,0,0,0,0,0,,driver
20853611,human,1.0,0,0,0,0,0,0,0,0,1,0,0,0,0,0,0,,
20856931,automated,,0,0,0,1,0,0,0,0,0,0,0,0,0,0,0,driver,
20859304,automated,,0,0,1,0,0,0,0,0,0,0,0,0,0,0,0,,
20867028,human,1.0,0,0,0,1,0,0,0,0,1,0,0,0,0,0,0,driver,
20871654,automated,,0,1,0,0,0,1,0,0,0,0,1,0,0,0,0,,
20876416,automated,,0,1,0,1,1,0,0,0,1,0,0,0,0,0,0,driver,driver
20879101,automated,,0,1,0,1,1,0,0,0,0,0,1,0,0,0,0,rider,rider
20879470,human,1.0,0,0,1,0,0,0,0,1,0,0,0,0,0,0,1,,
20881063,automated,,0,1,0,0,1,0,0,0,0,0,1,0,0,0,0,,driver
20882044,human,1.0,1,0,0,0,0,1,0,0,1,1,0,0,0,0,0,,
20885064,automated,,0,1,1,0,0,0,0,0,0,0,0,0,0,0,0,,
20890854,automated,,0,1,0,1,0,0,0,0,1,0,0,0,0,0,0,rider,
20891629,human,1.0,0,0,0,1,0,0,0,0,0,0,0,0,0,0,0,rider,
20896203,automated,,0,0,0,0,1,0,0,0,0,0,0,0,0,0,0,,rider
20901734,human,1.0,0,1,0,0,0,0,0,0,0,0,0,0,0,0,0,,
20902269,automated,,0,0,0,0,0,0,0,0,1,1,0,0,0,0,0,,
20906237,automated,,0,1,0,1,0,0,0,0,0,0,0,0,0,0,0,rider,
20915930,automated,,0,0,0,1,0,0,0,1,0,1,0,0,0,0,0,rider,
20924283,human,1.0,0,0,0,0,1,0,0,0,0,0,0,0,0,0,0,,rider
20930078,automated,,0,0,1,0,0,0,0,0,0,0,0,0,0,0,0,,
20933210,automated,,0,1,0,0,0,0,0,0,1,0,1,0,0,0,0,,
20946032,automated,,1,0,0,0,0,0,0,0,0,1,0,0,0,0,0,,
20948743,automated,,0,0,0,1,1,0,0,0,0,0,0,0,0,0,0,rider,rider
20949182,automated,,0,0,0,0,0,0,0,0,0,0,0,0,0,0,0,,
20949756,human,2.0,0,0,0,0,0,0,0,0,0,0,0,0,0,0,0,,
20954008,automated,,0,0,0,1,0,0,0,0,0,0,0,0,0,0,0,rider,
20961193,automated,,0,1,1,0,0,1,0,1,1,0,0,0,0,0,0,,
20969801,automated,,0,0,0,0,0,0,0,0,1,1,0,0,0,0,1,,
20970816,human,1.0,0,0,1,1,0,0,0,0,1,0,0,0,0,0,0,driver,
20974420,automated,,0,0,0,0,0,0,0,0,0,1,0,0,0,0,0,,
20974558,automated,,0,1,0,1,1,0,0,1,0,0,0,0,0,0,0,rider,rider
20977560,human,1.0,0,0,0,0,1,0,0,0,1,0,1,0,0,0,0,,driver
20979006,automated,,0,1,0,1,1,0,0,0,1,0,0,0,0,0,0,rider,rider
20980965,human,2.0,0,1,0,1,1,0,0,1,1,0,0,0,0,0,0,unclear,rider
20986113,human,1.0,0,0,0,0,1,0,0,0,0,0,0,0,0,0,0,,rider
20992259,automated,,0,0,0,0,0,0,0,0,0,0,0,0,0,0,0,,
20994792,human,1.0,0,0,1,1,0,0,0,0,1,0,0,0,0,0,0,driver,
21002349,automated,,0,0,0,1,0,0,0,0,0,0,0,0,0,0,0,rider,
21003129,human,1.0,0,1,0,0,0,0,0,1,0,0,0,0,0,0,0,,
21003804,human,1.0,1,0,0,0,0,0,0,0,0,1,0,0,0,0,0,,
21003933,automated,,0,1,0,0,0,0,0,0,1,0,0,0,0,0,0,,
21005257,automated,,0,0,0,1,0,0,0,0,1,0,1,0,0,0,0,unclear,
21005381,automated,,0,0,0,1,1,0,0,1,0,0,0,0,0,0,0,rider,rider
21006420,automated,,0,1,0,0,0,0,0,0,0,0,0,0,0,0,0,,
21006790,automated,,0,0,0,0,0,0,0,0,1,0,0,0,0,0,0,,
21008002,automated,,0,1,0,0,1,0,0,0,0,0,0,0,0,0,0,,driver
21012477,automated,,0,0,0,1,0,0,0,0,0,0,0,0,0,0,0,rider,
21017911,automated,,0,1,1,0,0,1,0,0,0,0,0,0,0,0,1,,
21018349,automated,,0,0,0,0,0,0,0,0,1,0,0,0,0,0,0,,
21018709,automated,,0,0,1,0,0,0,0,0,0,0,0,0,0,0,0,,
21021699,automated,,1,0,0,1,0,1,0,0,1,0,0,0,0,0,0,driver,
21022313,automated,,0,0,0,1,0,0,0,0,1,0,0,0,0,0,1,driver,
21031520,automated,,0,0,0,0,0,0,0,0,0,0,0,0,0,0,0,,
21032050,automated,,0,1,0,0,0,0,0,0,1,0,0,0,0,0,0,,
21032268,human,1.0,0,0,0,0,0,0,0,0,1,0,0,0,0,0,0,,
21034313,human,1.0,0,0,0,0,1,0,0,0,0,0,1,0,0,0,0,,both
21036638,automated,,0,1,0,1,0,0,0,0,1,0,0,0,0,0,0,driver,
21039602,automated,,0,0,1,1,0,0,0,1,0,0,0,0,0,0,0,rider,
21040774,automated,,0,1,0,1,0,0,0,0,0,0,0,0,0,0,0,driver,
21042588,human,1.0,0,0,1,0,0,1,0,0,1,0,0,0,0,0,0,,
21043695,human,1.0,0,0,0,0,1,0,0,0,0,0,1,0,1,0,0,,rider
21047878,automated,,0,0,0,1,1,0,0,0,0,0,0,0,0,0,0,rider,rider
21050557,automated,,0,0,1,1,0,0,0,0,1,0,0,0,0,0,0,driver,
21050706,automated,,0,1,1,1,0,0,0,0,1,0,0,0,0,0,0,rider,
21051047,human,1.0,0,0,1,0,0,0,0,0,0,0,0,0,0,0,1,,
21052224,human,1.0,1,0,0,0,0,0,0,0,1,1,0,0,0,0,1,,
21058624,automated,,0,0,1,1,0,0,0,0,0,0,0,0,0,0,0,rider,
21058632,automated,,0,1,0,0,0,0,0,0,1,0,0,0,0,0,1,,
21062020,automated,,0,0,0,0,0,0,0,1,0,0,0,0,0,0,0,,
21062942,automated,,0,0,1,1,0,0,0,0,0,0,0,0,0,0,0,rider,
21065437,automated,,0,0,0,1,0,0,0,0,1,1,0,0,0,0,0,driver,
21065441,human,1.0,0,0,0,1,0,0,0,0,1,0,0,1,0,0,0,driver,
21066639,human,2.0,0,1,0,0,0,0,0,0,0,0,0,0,0,0,0,,
21072216,automated,,0,0,0,1,0,0,0,0,0,0,0,0,0,0,0,driver,
21074824,human,1.0,0,0,0,0,1,1,0,0,0,1,0,0,0,0,0,,rider
21075195,automated,,0,0,0,0,0,0,0,1,0,0,0,0,0,0,0,,
21077997,human,2.0,0,0,0,0,1,0,0,0,0,0,1,0,0,0,0,,rider
21081496,automated,,1,0,0,0,1,0,0,0,1,0,0,0,0,0,0,,rider
21084487,human,1.0,0,0,0,0,0,0,0,0,1,0,1,0,0,0,0,,driver
21086756,automated,,1,0,0,0,0,0,0,0,1,1,0,0,0,0,0,,
21088202,automated,,0,0,0,0,0,0,0,0,0,0,0,0,0,0,0,,
21088362,human,1.0,1,0,1,0,0,0,0,0,0,1,0,0,0,0,0,,
21088684,automated,,0,0,0,1,0,0,0,0,0,0,0,0,0,0,0,driver,
21091566,automated,,0,0,0,0,1,0,0,0,1,1,0,0,0,0,0,,driver
21092233,automated,,0,0,0,1,1,0,0,0,0,0,0,0,0,0,0,rider,rider
21095949,human,1.0,0,0,0,0,0,0,0,0,1,0,0,0,0,0,0,,
21097944,human,2.0,0,0,0,0,0,0,0,1,1,0,1,0,0,0,0,,
21102501,automated,,0,1,0,0,0,0,0,0,1,0,0,0,0,0,0,,
21102927,automated,,1,0,0,1,0,0,0,0,0,1,1,0,0,1,0,rider,
21104357,automated,,0,1,0,0,0,0,0,0,1,0,0,0,0,0,0,,
21105611,automated,,1,0,0,0,0,0,0,0,0,0,0,0,0,0,0,,
21107761,human,1.0,0,0,0,0,0,0,0,0,1,0,0,1,0,0,0,,driver
21108796,automated,,0,0,0,0,0,1,0,0,0,1,0,0,0,0,0,,
21110187,automated,,0,0,0,0,0,0,0,1,1,0,0,0,1,0,0,,
21110839,automated,,0,0,1,0,0,0,0,0,1,0,0,0,0,0,1,,
21112071,automated,,0,1,0,0,0,0,0,0,1,0,0,0,0,0,0,,
21119308,automated,,0,0,0,0,0,0,0,0,0,0,0,0,0,0,0,,
21123066,human,1.0,0,0,1,0,0,0,0,1,1,0,0,0,0,0,0,,
21125995,automated,,0,0,1,0,0,1,0,0,0,0,0,0,0,0,0,,
21126079,automated,,0,0,0,1,0,0,0,0,0,0,0,0,0,0,1,rider,
21126481,human,1.0,1,0,0,0,0,0,0,0,1,1,0,0,0,0,1,,
21129596,automated,,0,0,0,1,0,0,0,0,1,0,0,0,0,0,0,driver,
21132010,automated,,0,0,0,1,1,0,0,0,0,0,0,0,0,0,0,driver,driver
21133185,human,1.0,0,0,1,0,0,0,0,0,1,0,0,0,0,0,0,,
21135404,automated,,0,0,0,0,0,0,0,0,1,1,1,0,0,1,0,,
21138090,automated,,0,0,0,0,0,0,0,0,0,0,0,0,0,0,0,,
21143611,automated,,0,1,1,0,0,0,0,0,1,0,0,0,0,0,0,,
21160358,automated,,0,0,0,0,0,0,0,0,0,0,0,0,0,0,1,,
21168139,automated,,0,1,0,0,0,0,0,1,0,0,0,0,0,0,0,,
21175810,automated,,0,0,0,1,0,0,0,0,0,0,1,0,0,0,0,rider,
21180181,automated,,0,0,0,1,0,0,0,0,0,0,0,0,0,0,0,rider,
21182965,automated,,0,0,0,1,0,0,0,1,0,0,0,0,0,0,0,rider,
21186196,automated,,0,0,0,1,1,0,0,0,1,0,1,1,0,0,0,rider,rider
21186229,human,1.0,0,0,1,0,0,1,0,0,0,0,1,0,0,0,0,,
21186388,human,1.0,1,0,0,0,0,0,0,0,1,0,0,0,0,0,1,,
21195829,automated,,0,0,0,0,0,0,0,0,1,0,0,0,0,0,0,,
21199855,automated,,0,0,0,0,1,0,0,0,0,0,0,0,0,0,0,,driver
21201713,automated,,0,0,0,1,0,0,0,0,0,0,0,0,0,0,0,driver,
21208301,automated,,0,0,0,0,0,0,0,0,0,1,1,0,1,0,0,,
21210922,automated,,0,1,0,0,0,0,0,0,0,0,0,0,0,0,0,,
21211011,human,1.0,0,0,0,0,0,1,0,0,0,0,0,0,0,0,0,,
21212648,automated,,0,0,0,1,1,0,0,0,0,0,1,0,0,0,0,rider,rider
