Crash_ID,wrong_way,wrong_way_agree,wrong_way_flagged,sidewalk_transition,sidewalk_transition_agree,sidewalk_transition_flagged,driveway_alley,driveway_alley_agree,driveway_alley_flagged,failure_to_yield,failure_to_yield_agree,failure_to_yield_flagged,signal_violation,signal_violation_agree,signal_violation_flagged,swerve_loss_control,swerve_loss_control_agree,swerve_loss_control_flagged,dooring,dooring_agree,dooring_flagged,distraction_impairment,distraction_impairment_agree,distraction_impairment_flagged,vehicle_turning_across,vehicle_turning_across_agree,vehicle_turning_across_flagged,lane_positioning,lane_positioning_agree,lane_positioning_flagged,needs_adjudication
18084267,0,1,0,0,1,0,0,1,0,0,1,0,1,1,0,0,1,0,0,1,0,0,1,0,0,1,0,0,1,0,0
18123439,0,1,0,0,1,0,0,1,0,1,1,0,1,0,1,1,0,0,0,1,0,0,1,0,0,1,0,0,1,0,1
18137184,0,1,0,0,1,0,0,0,1,0,1,0,0,1,0,0,1,0,0,1,0,1,0,0,0,1,0,0,1,0,1
18258555,0,1,0,0,1,0,1,1,0,1,1,0,0,1,0,0,1,0,0,1,0,0,1,0,0,1,0,0,1,0,0
18286020,1,0,0,0,1,0,1,1,0,1,1,0,0,1,0,0,1,0,0,1,0,0,1,0,1,1,0,1,1,0,0
18291178,0,1,0,0,1,0,0,1,0,0,1,0,0,1,0,0,1,0,0,1,0,0,1,0,0,1,0,0,1,0,0
18299940,0,1,0,0,1,0,0,1,0,0,1,0,1,1,0,0,1,0,0,1,0,0,1,0,0,1,0,1,1,0,0
18313764,0,1,0,0,1,0,1,1,0,1,1,0,0,1,0,0,0,0,0,1,0,0,1,0,0,1,0,0,1,0,0
18314365,0,1,0,0,1,0,0,1,0,0,1,0,0,1,0,0,0,0,0,1,0,1,1,0,0,1,0,1,0,0,0
18320652,0,1,0,1,0,0,0,1,0,1,0,0,1,1,0,0,1,0,0,1,0,0,1,0,0,1,0,0,1,0,0
18369868,0,1,0,0,1,0,0,1,0,0,1,0,0,1,0,0,1,0,0,1,0,1,0,0,1,1,0,0,1,0,0
18373106,0,1,0,1,1,0,0,1,0,0,1,0,0,1,0,0,1,0,0,1,0,0,1,0,0,1,0,0,1,0,0
18385472,0,1,0,0,1,0,0,1,0,1,0,1,1,1,0,0,1,0,0,1,0,0,1,0,0,1,0,0,1,0,1
18391216,0,1,0,1,1,0,1,1,0,0,1,0,0,1,0,0,1,0,0,1,0,0,1,0,1,0,0,0,1,0,0
18391833,1,1,0,0,1,0,0,1,0,0,1,0,0,1,0,0,1,0,0,1,0,0,1,0,0,1,0,0,1,0,0
18392142,0,1,0,0,1,0,1,0,1,0,1,0,0,1,0,0,1,0,0,1,0,0,1,0,1,0,0,0,1,0,1
18409305,0,1,0,0,1,0,0,1,0,0,1,0,0,1,0,1,0,0,0,1,0,0,1,0,0,1,0,0,1,0,0
18431591,0,1,0,1,0,0,0,1,0,0,1,0,0,1,0,0,1,0,0,1,0,0,1,0,1,1,0,1,1,0,0
18445363,0,1,0,1,0,0,1,0,0,1,1,0,0,1,0,0,1,0,0,1,0,0,1,0,1,0,0,0,1,0,0
18450191,0,1,0,0,1,0,0,1,0,0,1,0,0,1,0,0,1,0,0,1,0,1,0,0,0,1,0,0,1,0,0
18452325,0,1,0,0,1,0,1,1,0,0,1,0,0,1,0,0,1,0,0,1,0,0,1,0,0,1,0,0,1,0,0
18546608,0,1,0,1,0,0,0,1,0,1,1,0,0,1,0,0,1,0,0,1,0,0,1,0,0,1,0,0,1,0,0
18551567,0,1,0,0,1,0,1,1,0,0,1,0,0,1,0,0,1,0,0,1,0,0,1,0,0,1,0,0,1,0,0
18567504,0,1,0,0,1,0,0,1,0,0,1,0,0,1,0,0,1,0,0,1,0,1,1,0,1,0,0,0,1,0,0
18596396,0,1,0,0,1,0,0,1,0,1,0,0,0,1,0,0,1,0,0,1,0,0,1,0,1,1,0,0,1,0,0
18614327,0,1,0,0,1,0,0,1,0,1,0,0,1,0,0,0,1,0,0,1,0,0,1,0,1,1,0,0,1,0,0
18621759,0,1,0,1,1,0,1,1,0,1,1,0,0,1,0,0,1,0,0,1,0,0,1,0,1,1,0,0,1,0,0
18625016,0,1,0,0,1,0,0,1,0,1,0,0,1,1,0,0,1,0,0,1,0,0,0,0,0,1,0,0,1,0,0
18641849,1,1,0,0,1,0,0,1,0,0,1,0,0,1,0,0,1,0,0,1,0,1,1,0,0,1,0,1,0,0,0
18660262,0,1,0,1,0,0,0,1,0,0,1,0,0,1,0,0,1,0,0,1,0,0,1,0,0,1,0,1,0,0,0
18706178,0,1,0,0,1,0,0,1,0,1,0,0,1,0,0,0,1,0,0,1,0,0,0,0,0,1,0,1,0,0,0
18756943,0,1,0,0,1,0,1,1,0,1,0,0,0,1,0,0,1,0,0,1,0,0,1,0,0,1,0,0,1,0,0
18764612,0,1,0,1,0,0,0,1,0,1,1,0,1,0,0,0,1,0,0,1,0,0,1,0,0,1,0,0,1,0,0
18794429,0,1,0,0,1,0,0,1,0,0,1,0,0,1,0,0,1,0,0,1,0,0,1,0,0,1,0,0,0,0,0
18802924,0,1,0,0,1,0,0,1,0,0,1,0,0,1,0,0,1,0,0,1,0,1,1,0,0,1,0,0,1,0,0
18805222,0,1,0,0,1,0,0,1,0,0,1,0,0,1,0,1,0,0,0,1,0,0,1,0,0,1,0,1,0,0,0
18806351,0,1,0,0,1,0,0,1,0,0,1,0,0,1,0,0,1,0,0,1,0,0,1,0,0,1,0,1,1,0,0
18818841,0,1,0,0,1,0,0,1,0,0,1,0,1,0,0,0,1,0,0,1,0,0,1,0,0,1,0,0,1,0,0
18867093,0,1,0,0,1,0,0,1,0,1,1,0,0,1,0,0,1,0,0,1,0,0,1,0,0,1,0,0,1,0,0
18881223,0,1,0,0,1,0,0,1,0,0,1,0,0,1,0,0,1,0,0,1,0,1,1,0,0,1,0,1,0,1,1
18906035,0,1,0,0,1,0,1,0,0,0,1,0,0,1,0,0,1,0,0,1,0,0,1,0,1,1,0,1,0,0,0
18915979,0,1,0,1,0,1,0,1,0,1,0,0,0,1,0,0,1,0,0,1,0,1,0,0,1,0,0,0,1,0,1
18923620,0,1,0,0,1,0,0,1,0,0,1,0,0,1,0,0,0,0,0,1,0,1,1,0,1,1,0,0,1,0,0
18925961,0,1,0,0,1,0,0,1,0,0,1,0,0,1,0,1,0,0,0,1,0,0,1,0,1,1,0,0,1,0,0
18941232,0,1,0,0,1,0,0,1,0,1,1,0,0,1,0,0,1,0,0,1,0,0,1,0,0,1,0,1,1,0,0
18951170,0,1,0,0,1,0,0,1,0,1,0,0,0,1,0,0,1,0,0,1,0,1,0,0,0,1,0,0,1,0,0
18965473,0,1,0,1,1,0,0,1,0,1,1,0,0,1,0,0,1,0,0,1,0,0,1,0,0,1,0,0,1,0,0
18967267,0,1,0,1,1,0,0,1,0,0,1,0,1,0,0,0,1,0,0,1,0,0,1,0,0,1,0,0,1,0,0
18985335,0,1,0,0,1,0,0,1,0,0,1,0,0,1,0,0,1,0,0,1,0,1,1,0,0,1,0,0,1,0,0
18992871,1,0,0,0,1,0,0,0,0,1,1,0,0,1,0,0,1,0,0,1,0,0,1,0,0,1,0,0,1,0,0
18993054,0,1,0,0,1,0,0,1,0,0,1,0,0,1,0,0,1,0,0,1,0,0,1,0,0,1,0,1,0,0,0
18995056,0,1,0,0,1,0,0,1,0,1,0,1,0,1,0,0,1,0,0,1,0,0,1,0,0,1,0,0,0,0,1
19003825,0,1,0,0,1,0,0,1,0,0,1,0,0,1,0,0,1,0,0,1,0,0,1,0,1,0,0,0,1,0,0
19010130,0,1,0,1,0,0,0,1,0,0,1,0,0,1,0,1,1,0,0,1,0,1,1,0,1,0,0,0,1,0,0
19011663,0,1,0,0,1,0,0,1,0,0,1,0,0,1,0,0,0,1,0,1,0,0,1,0,0,1,0,0,1,0,1
19015926,0,1,0,0,1,0,0,1,0,1,1,0,0,1,0,0,1,0,0,1,0,0,1,0,0,1,0,0,1,0,0
19028413,0,1,0,0,1,0,0,1,0,1,0,0,0,1,0,0,1,0,0,1,0,1,1,0,1,1,0,0,0,0,0
19030755,0,1,0,0,1,0,0,1,0,1,0,0,1,1,0,0,1,0,0,1,0,0,1,0,0,1,0,0,1,0,0
19031335,0,1,0,0,1,0,1,1,0,0,1,0,0,1,0,0,1,0,0,1,0,1,0,1,0,1,0,0,1,0,1
19038674,0,1,0,0,1,0,0,1,0,1,0,1,1,1,0,0,1,0,0,1,0,0,1,0,0,1,0,0,1,0,1
19041843,0,1,0,0,1,0,0,1,0,1,1,0,0,1,0,0,1,0,0,1,0,0,1,0,0,1,0,1,1,0,0
19043371,0,1,0,0,1,0,1,1,0,1,0,0,0,1,0,0,1,0,0,1,0,0,1,0,1,0,0,1,1,0,0
19044104,0,1,0,0,1,0,0,1,0,1,1,0,0,1,0,0,1,0,0,1,0,0,1,0,1,1,0,1,1,0,0
19052739,1,0,0,0,1,0,0,1,0,0,1,0,0,1,0,0,1,0,0,1,0,0,1,0,0,1,0,1,0,0,0
19055507,0,1,0,0,1,0,1,1,0,1,0,0,0,1,0,0,1,0,0,1,0,0,1,0,0,1,0,0,1,0,0
19058086,0,1,0,0,1,0,1,1,0,0,1,0,0,1,0,0,1,0,0,1,0,0,1,0,0,1,0,0,1,0,0
19058199,0,1,0,0,1,0,0,1,0,0,1,0,0,1,0,1,1,0,0,1,0,1,0,0,0,1,0,0,1,0,0
19062803,0,1,0,1,1,0,1,0,0,0,1,0,0,1,0,0,1,0,0,1,0,0,1,0,0,1,0,0,1,0,0
19063162,1,0,0,0,1,0,0,1,0,0,1,0,1,1,0,0,1,0,0,1,0,0,1,0,0,1,0,0,1,0,0
19086156,0,1,0,1,0,0,0,1,0,1,1,0,0,1,0,0,1,0,0,1,0,0,1,0,1,1,0,0,1,0,0
19090003,0,1,0,0,1,0,0,1,0,1,0,0,1,1,0,0,1,0,0,1,0,0,1,0,0,1,0,1,0,0,0
19108452,0,1,0,1,0,0,0,1,0,1,1,0,0,1,0,0,1,0,0,1,0,0,1,0,0,0,1,0,1,0,1
19109523,0,1,0,1,0,0,1,1,0,1,0,0,0,1,0,0,1,0,0,1,0,0,1,0,0,1,0,0,1,0,0
19111788,0,1,0,0,1,0,0,1,0,1,1,0,0,1,0,0,1,0,0,1,0,0,1,0,0,1,0,0,1,0,0
19111838,0,1,0,0,1,0,1,1,0,0,1,0,0,1,0,0,1,0,0,1,0,1,1,0,1,0,0,0,1,0,0
19121524,0,1,0,0,1,0,0,1,0,1,0,0,1,0,0,0,1,0,0,1,0,0,1,0,0,1,0,0,1,0,0
19126204,0,1,0,1,0,0,0,1,0,0,1,0,0,1,0,0,1,0,0,1,0,1,0,0,0,1,0,1,0,1,1
19127244,0,1,0,0,1,0,1,1,0,1,1,0,0,1,0,0,1,0,0,1,0,0,1,0,0,1,0,1,0,0,0
19127529,0,1,0,0,1,0,1,0,0,0,1,0,0,1,0,0,1,0,0,1,0,0,1,0,0,1,0,0,1,0,0
19130882,0,1,0,1,1,0,0,1,0,1,1,0,0,1,0,0,1,0,0,1,0,0,1,0,0,1,0,0,1,0,0
19131543,0,1,0,0,1,0,0,1,0,0,1,0,0,1,0,0,1,0,0,1,0,1,1,0,0,1,0,0,1,0,0
19133592,0,1,0,0,1,0,0,1,0,1,0,0,0,1,0,0,1,0,0,1,0,0,1,0,0,1,0,0,1,0,0
19138340,0,1,0,1,0,0,1,0,0,0,1,0,0,1,0,1,1,0,0,1,0,0,1,0,0,1,0,0,1,0,0
19142204,0,1,0,0,1,0,0,1,0,0,1,0,0,1,0,0,1,0,0,1,0,0,1,0,1,0,0,0,1,0,0
19148829,0,1,0,1,1,0,0,1,0,1,0,0,1,0,0,0,1,0,0,1,0,0,1,0,1,1,0,0,1,0,0
19159800,0,1,0,0,1,0,0,1,0,0,1,0,0,1,0,0,1,0,0,1,0,0,1,0,0,1,0,0,1,0,0
19159849,0,1,0,0,1,0,0,1,0,0,1,0,0,1,0,0,1,0,0,1,0,0,1,0,1,0,0,0,1,0,0
19159931,0,1,0,0,1,0,0,1,0,1,0,0,1,0,0,0,1,0,0,1,0,0,1,0,0,1,0,0,1,0,0
19174169,0,1,0,0,1,0,0,1,0,0,1,0,0,1,0,0,1,0,0,1,0,1,1,0,0,1,0,0,1,0,0
19174978,0,1,0,0,1,0,1,1,0,0,1,0,0,1,0,0,1,0,0,1,0,0,1,0,0,1,0,0,1,0,0
19180118,1,0,0,0,1,0,0,1,0,0,1,0,0,1,0,0,1,0,0,1,0,0,1,0,1,1,0,1,0,0,0
19183894,0,1,0,0,1,0,0,1,0,0,1,0,0,1,0,0,1,0,0,1,0,0,1,0,0,1,0,1,0,0,0
19185174,0,1,0,1,1,0,0,1,0,0,1,0,0,1,0,0,1,0,0,1,0,1,0,0,0,1,0,0,1,0,0
19186525,0,1,0,0,1,0,0,1,0,1,0,0,0,1,0,0,1,0,0,1,0,0,1,0,0,0,0,0,1,0,0
19186739,0,1,0,1,1,0,0,1,0,0,1,0,0,1,0,0,1,0,0,1,0,0,1,0,1,1,0,0,1,0,0
19189676,0,1,0,0,1,0,0,1,0,0,1,0,0,1,0,0,1,0,0,1,0,0,1,0,0,1,0,0,1,0,0
19195336,0,1,0,0,1,0,0,1,0,0,1,0,0,1,0,0,1,0,0,1,0,1,0,0,0,1,0,1,1,0,0
19196622,1,0,0,0,1,0,0,1,0,0,1,0,0,1,0,0,1,0,0,1,0,0,1,0,0,1,0,1,0,0,0
19218694,0,1,0,1,1,0,0,1,0,1,1,0,0,1,0,0,1,0,0,1,0,0,1,0,1,1,0,0,0,0,0
19219749,0,1,0,1,0,0,0,1,0,0,1,0,0,1,0,0,1,0,0,1,0,0,1,0,0,1,0,0,1,0,0
19251585,0,1,0,0,1,0,0,1,0,0,1,0,0,1,0,0,1,0,0,1,0,0,1,0,0,1,0,1,0,0,0
19254440,0,1,0,1,0,0,0,1,0,1,1,0,1,1,0,0,1,0,0,1,0,0,1,0,0,1,0,0,1,0,0
19254711,0,1,0,0,1,0,0,1,0,1,1,0,0,1,0,0,1,0,0,1,0,0,0,0,1,1,0,0,1,0,0
19270000,0,1,0,0,1,0,0,1,0,1,1,0,0,1,0,0,1,0,0,1,0,0,1,0,1,0,0,1,0,0,0
19272573,0,1,0,0,1,0,0,1,0,1,1,0,0,1,0,0,1,0,0,1,0,0,1,0,0,1,0,0,1,0,0
19272749,0,1,0,0,1,0,0,1,0,0,1,0,1,1,0,0,1,0,0,1,0,0,1,0,0,1,0,1,0,0,0
19274295,1,1,0,1,0,0,0,1,0,1,0,0,1,0,0,0,1,0,0,1,0,0,1,0,0,1,0,0,1,0,0
19286469,0,1,0,1,1,0,0,1,0,1,0,0,0,1,0,0,1,0,0,1,0,1,0,0,1,0,0,0,1,0,0
19313514,0,1,0,0,1,0,0,1,0,0,1,0,0,1,0,0,1,0,0,1,0,1,0,0,1,0,0,0,1,0,0
19475564,0,1,0,0,1,0,0,1,0,0,1,0,0,1,0,1,1,0,0,1,0,0,1,0,0,1,0,0,1,0,0
19491838,1,0,0,0,1,0,1,1,0,0,1,0,0,1,0,0,1,0,0,1,0,0,1,0,0,1,0,0,1,0,0
19507353,0,1,0,0,1,0,0,1,0,1,0,0,1,1,0,0,1,0,0,1,0,0,1,0,0,1,0,0,1,0,0
19517409,1,0,0,0,1,0,0,1,0,0,1,0,0,1,0,1,1,0,0,1,0,1,0,0,0,1,0,0,1,0,0
19522285,0,1,0,0,1,0,1,1,0,0,1,0,0,1,0,0,1,0,0,1,0,0,1,0,1,0,0,0,1,0,0
19526549,0,1,0,0,1,0,0,1,0,1,0,0,1,0,0,0,1,0,0,1,0,0,1,0,1,1,0,0,1,0,0
19533819,0,1,0,0,1,0,1,1,0,0,1,0,0,1,0,0,1,0,0,1,0,0,1,0,0,1,0,0,1,0,0
19537291,0,1,0,0,1,0,0,1,0,0,1,0,0,1,0,0,1,0,0,1,0,1,0,0,0,1,0,1,1,0,0
19540181,0,1,0,1,1,0,0,1,0,0,1,0,0,1,0,0,1,0,0,1,0,0,1,0,1,1,0,0,1,0,0
19540388,1,0,0,0,1,0,0,1,0,0,1,0,0,1,0,0,1,0,0,1,0,0,1,0,0,0,0,0,1,0,0
19541467,0,1,0,0,1,0,0,1,0,0,1,0,0,1,0,0,1,0,0,1,0,0,1,0,0,1,0,0,0,0,0
19552914,0,1,0,0,1,0,0,1,0,0,1,0,0,1,0,0,1,0,0,1,0,0,1,0,1,1,0,0,1,0,0
19559491,0,1,0,0,1,0,0,1,0,0,1,0,0,1,0,0,1,0,0,1,0,0,1,0,0,1,0,0,1,0,0
19563636,0,1,0,0,1,0,0,1,0,0,1,0,0,1,0,0,1,0,0,1,0,0,0,0,1,0,0,0,1,0,0
19564787,0,1,0,0,1,0,1,0,0,0,1,0,0,1,0,0,1,0,0,1,0,0,1,0,0,1,0,0,1,0,0
19582024,0,1,0,0,1,0,0,1,0,0,1,0,0,1,0,1,1,0,0,1,0,1,0,0,0,1,0,1,1,0,0
19595833,0,1,0,0,1,0,0,1,0,0,1,0,0,1,0,0,1,0,0,1,0,0,1,0,1,0,0,0,1,0,0
19598321,0,1,0,1,0,0,1,1,0,0,1,0,0,1,0,0,1,0,0,1,0,0,1,0,0,1,0,0,1,0,0
19604789,0,1,0,0,1,0,0,1,0,1,0,0,0,1,0,0,1,0,0,1,0,0,1,0,1,0,0,0,1,0,0
19609475,0,1,0,1,1,0,1,1,0,0,1,0,0,1,0,1,1,0,0,1,0,0,1,0,1,1,0,0,1,0,0
19619530,0,1,0,0,1,0,0,1,0,0,1,0,0,1,0,0,1,0,0,1,0,0,1,0,1,1,0,1,1,0,0
19623670,0,1,0,0,1,0,1,0,0,0,1,0,0,1,0,0,1,0,0,1,0,0,1,0,0,1,0,0,1,0,0
19627016,0,1,0,1,0,1,0,1,0,1,0,0,0,1,0,0,1,0,0,1,0,0,1,0,0,1,0,0,1,0,1
19629633,0,1,0,1,0,0,0,1,0,1,1,0,0,1,0,0,1,0,0,1,0,0,1,0,0,1,0,0,1,0,0
19633539,0,1,0,0,1,0,1,1,0,1,1,0,0,1,0,0,1,0,0,1,0,0,1,0,0,1,0,0,1,0,0
19638154,0,1,0,0,1,0,0,1,0,1,0,0,0,1,0,0,1,0,0,1,0,0,1,0,0,1,0,0,0,0,0
19651475,0,1,0,0,1,0,0,1,0,1,0,0,1,1,0,0,1,0,0,1,0,0,1,0,1,1,0,0,1,0,0
19653793,1,0,0,0,1,0,1,1,0,0,1,0,0,1,0,1,0,0,0,1,0,1,1,0,1,0,0,1,1,0,0
19660941,0,1,0,0,1,0,1,1,0,0,1,0,0,1,0,0,1,0,0,1,0,0,1,0,1,1,0,0,1,0,0
19661312,1,0,0,0,1,0,0,1,0,0,1,0,0,1,0,0,1,0,0,1,0,1,0,0,1,1,0,1,0,0,0
19662004,0,1,0,0,1,0,0,1,0,0,1,0,1,1,0,0,1,0,0,1,0,0,1,0,0,1,0,1,0,0,0
19663095,0,1,0,0,1,0,1,0,0,1,1,0,0,1,0,0,1,0,0,1,0,0,1,0,0,0,0,0,1,0,0
19683418,0,1,0,0,1,0,0,1,0,0,1,0,1,0,0,0,1,0,0,1,0,0,1,0,0,1,0,0,1,0,0
19686907,0,1,0,0,1,0,0,1,0,1,1,0,0,1,0,0,1,0,0,1,0,0,0,1,1,1,0,0,1,0,1
19691273,0,1,0,1,0,0,0,1,0,0,1,0,0,1,0,0,1,0,0,1,0,0,1,0,0,1,0,0,1,0,0
19696501,0,1,0,0,1,0,0,1,0,0,1,0,0,1,0,0,1,0,0,1,0,0,1,0,0,1,0,0,1,0,0
19701571,0,1,0,0,1,0,0,1,0,0,1,0,0,1,0,1,0,0,0,1,0,0,1,0,0,1,0,1,0,0,0
19706137,0,1,0,0,1,0,0,1,0,0,1,0,0,1,0,0,1,0,0,1,0,0,1,0,1,1,0,1,0,0,0
19709866,0,1,0,0,1,0,0,1,0,0,1,0,0,1,0,0,1,0,0,1,0,0,1,0,0,1,0,0,0,0,0
19714635,0,1,0,0,1,0,0,1,0,1,0,0,1,0,0,0,1,0,0,1,0,0,1,0,0,1,0,0,1,0,0
19717875,0,1,0,1,0,1,0,1,0,0,1,0,0,1,0,0,1,0,0,1,0,1,0,0,0,1,0,0,1,0,1
19724045,0,1,0,1,0,0,0,1,0,0,1,0,0,1,0,0,1,0,0,1,0,0,1,0,0,1,0,0,0,0,0
19724162,0,1,0,1,0,0,1,0,0,0,1,0,0,1,0,0,1,0,0,1,0,0,1,0,0,1,0,0,1,0,0
19735764,0,1,0,0,1,0,1,1,0,0,1,0,0,1,0,0,1,0,0,1,0,0,1,0,0,1,0,0,1,0,0
19738411,0,1,0,0,1,0,0,1,0,0,1,0,0,1,0,0,1,0,0,1,0,0,1,0,0,1,0,0,1,0,0
19752721,0,1,0,0,1,0,0,1,0,0,1,0,0,1,0,0,1,0,0,1,0,0,1,0,1,1,0,0,1,0,0
19764578,0,1,0,1,0,0,1,1,0,1,0,0,0,1,0,0,1,0,0,1,0,0,1,0,1,0,0,0,1,0,0
19767231,0,1,0,1,0,0,0,1,0,0,1,0,0,1,0,0,1,0,1,0,0,0,1,0,0,1,0,0,1,0,0
19789804,0,1,0,0,1,0,0,1,0,0,1,0,0,1,0,0,1,0,0,1,0,0,1,0,0,1,0,0,1,0,0
19793128,0,1,0,0,1,0,0,1,0,0,1,0,0,1,0,1,1,0,0,1,0,0,1,0,0,1,0,0,1,0,0
19804488,1,1,0,0,1,0,0,1,0,0,1,0,0,1,0,0,1,0,0,1,0,0,1,0,0,1,0,0,1,0,0
19804617,0,1,0,0,1,0,1,1,0,0,1,0,0,1,0,0,1,0,0,1,0,0,1,0,0,1,0,0,1,0,0
19818376,0,1,0,1,1,0,0,1,0,1,1,0,1,0,0,0,1,0,0,1,0,0,1,0,0,1,0,0,1,0,0
19819680,0,1,0,0,1,0,0,1,0,0,1,0,0,1,0,0,1,0,0,1,0,0,1,0,0,1,0,0,0,0,0
19824473,1,0,0,0,1,0,0,1,0,1,0,0,0,1,0,0,1,0,0,1,0,0,1,0,1,0,0,1,0,0,0
19829368,0,1,0,0,1,0,0,1,0,1,0,0,1,1,0,0,1,0,0,1,0,0,1,0,0,1,0,0,1,0,0
19831483,0,1,0,0,1,0,1,1,0,1,1,0,0,1,0,0,1,0,0,1,0,0,1,0,0,1,0,0,1,0,0
19832336,0,1,0,1,0,0,0,1,0,0,1,0,0,1,0,0,1,0,0,1,0,1,1,0,0,1,0,0,1,0,0
19838154,0,1,0,0,1,0,0,1,0,0,1,0,0,1,0,1,1,0,0,1,0,0,1,0,0,0,0,0,1,0,0
19841743,0,1,0,1,0,0,1,1,0,0,1,0,0,1,0,0,1,0,0,1,0,0,1,0,1,1,0,0,1,0,0
19843126,0,1,0,0,1,0,0,1,0,0,1,0,0,1,0,1,1,0,0,1,0,1,1,0,0,1,0,1,1,0,0
19846755,0,1,0,1,0,0,0,1,0,0,1,0,0,1,0,0,1,0,0,1,0,0,1,0,0,1,0,0,1,0,0
19850030,0,1,0,1,0,0,0,1,0,0,1,0,0,1,0,0,1,0,0,1,0,0,1,0,0,1,0,1,0,0,0
19852246,0,1,0,0,1,0,1,1,0,0,1,0,0,1,0,0,1,0,0,1,0,0,1,0,1,0,0,0,1,0,0
19862768,0,1,0,0,1,0,0,1,0,0,1,0,0,1,0,0,1,0,0,1,0,0,1,0,0,1,0,0,1,0,0
19866223,0,1,0,0,1,0,0,1,0,0,1,0,0,1,0,1,1,0,0,1,0,0,1,0,0,1,0,0,1,0,0
19874580,0,1,0,1,0,0,1,1,0,0,1,0,0,1,0,0,1,0,0,1,0,1,0,0,1,0,0,0,1,0,0
19894547,0,1,0,1,0,0,1,1,0,1,0,0,0,1,0,0,1,0,0,1,0,0,1,0,1,1,0,0,1,0,0
19906400,0,1,0,0,1,0,0,1,0,1,0,1,1,0,0,0,1,0,0,1,0,1,0,0,0,0,0,0,1,0,1
19917295,0,1,0,0,1,0,0,0,0,0,1,0,0,1,0,0,1,0,0,1,0,1,0,0,1,1,0,1,1,0,0
19925630,1,0,0,0,1,0,1,1,0,1,0,1,0,1,0,0,1,0,0,1,0,1,0,0,0,1,0,1,1,0,1
19929608,0,1,0,0,1,0,0,1,0,1,0,0,0,1,0,0,1,0,0,1,0,0,1,0,0,0,0,0,1,0,0
19936064,0,1,0,1,0,0,0,1,0,0,1,0,0,1,0,0,1,0,0,1,0,0,0,0,1,1,0,0,1,0,0
19939160,1,0,0,0,1,0,0,1,0,0,1,0,0,1,0,1,1,0,0,1,0,0,1,0,0,1,0,0,1,0,0
19951535,1,0,0,1,1,0,1,0,0,0,1,0,0,1,0,0,1,0,0,1,0,0,1,0,0,1,0,0,1,0,0
19965049,0,1,0,0,1,0,0,1,0,0,1,0,0,1,0,0,1,0,0,1,0,0,1,0,0,1,0,0,1,0,0
19322713,0,1,0,0,1,0,0,1,0,0,1,0,0,1,0,0,1,0,0,1,0,1,1,0,0,1,0,0,1,0,0
19336857,0,1,0,1,1,0,0,1,0,1,1,0,0,1,0,0,1,0,0,1,0,0,1,0,0,1,0,0,1,0,0
19342070,0,1,0,0,1,0,0,1,0,0,1,0,0,1,0,0,1,0,0,1,0,0,1,0,0,1,0,0,1,0,0
19343481,0,1,0,1,1,0,0,1,0,0,1,0,0,1,0,0,1,0,0,1,0,0,1,0,0,1,0,0,1,0,0
19350178,0,1,0,1,0,0,1,1,0,0,1,0,0,1,0,0,1,0,0,1,0,0,1,0,0,1,0,0,1,0,0
19356628,0,1,0,0,1,0,0,1,0,0,1,0,1,0,0,0,1,0,0,1,0,0,1,0,0,1,0,0,1,0,0
19357329,0,1,0,0,1,0,0,1,0,1,1,0,0,1,0,0,1,0,0,1,0,0,1,0,0,1,0,0,1,0,0
19358885,0,1,0,0,1,0,0,1,0,0,1,0,0,1,0,0,1,0,0,1,0,0,1,0,0,1,0,1,0,1,1
19361623,0,1,0,0,1,0,0,1,0,0,1,0,0,1,0,0,1,0,0,1,0,0,1,0,1,0,0,1,1,0,0
19365016,0,1,0,1,1,0,0,1,0,0,1,0,1,1,0,0,1,0,0,1,0,1,1,0,0,1,0,0,1,0,0
19369660,0,1,0,1,0,0,1,1,0,0,1,0,0,1,0,0,1,0,0,1,0,0,1,0,0,1,0,0,1,0,0
19370199,0,1,0,0,1,0,0,1,0,0,1,0,0,1,0,0,1,0,0,1,0,0,1,0,0,1,0,0,1,0,0
19382500,0,1,0,0,1,0,0,1,0,1,0,0,1,0,0,0,1,0,0,1,0,0,1,0,0,1,0,1,0,1,1
19389140,0,1,0,0,1,0,0,1,0,1,1,0,0,1,0,0,1,0,0,1,0,0,1,0,0,1,0,0,1,0,0
19400069,0,1,0,1,1,0,1,0,0,0,1,0,0,1,0,0,1,0,0,1,0,0,1,0,0,1,0,0,1,0,0
19402680,0,1,0,1,0,0,0,1,0,1,0,0,0,1,0,0,1,0,0,1,0,0,1,0,0,1,0,0,1,0,0
19405353,1,0,0,0,1,0,0,1,0,1,0,0,0,1,0,0,1,0,0,1,0,0,1,0,1,1,0,1,0,0,0
19408210,0,1,0,0,1,0,0,1,0,0,1,0,0,1,0,0,1,0,0,1,0,1,0,0,0,1,0,0,1,0,0
19415461,0,1,0,0,1,0,1,0,0,0,1,0,0,1,0,0,1,0,0,1,0,0,1,0,0,1,0,0,1,0,0
19419756,0,1,0,0,1,0,0,1,0,0,1,0,0,1,0,1,0,0,0,1,0,0,1,0,0,1,0,0,1,0,0
19420746,0,1,0,0,1,0,0,1,0,1,1,0,0,1,0,0,1,0,0,1,0,0,1,0,1,1,0,0,1,0,0
19421338,0,1,0,0,1,0,0,1,0,1,1,0,0,1,0,0,1,0,0,1,0,0,1,0,0,1,0,0,1,0,0
19421895,0,1,0,1,0,0,1,0,0,1,1,0,0,1,0,0,1,0,0,1,0,0,1,0,1,0,0,1,1,0,0
19423677,0,1,0,0,1,0,0,1,0,0,1,0,0,1,0,0,1,0,0,1,0,0,1,0,1,1,0,0,1,0,0
19423704,0,1,0,0,1,0,0,1,0,1,1,0,0,1,0,0,1,0,0,1,0,0,1,0,0,1,0,0,1,0,0
19430118,0,1,0,0,1,0,1,1,0,1,1,0,0,1,0,0,1,0,0,1,0,0,1,0,0,1,0,0,1,0,0
19430549,0,1,0,1,0,0,1,1,0,0,1,0,0,1,0,0,1,0,0,1,0,0,1,0,0,0,0,0,1,0,0
19430683,0,1,0,0,1,0,1,1,0,1,1,0,0,1,0,0,1,0,0,1,0,0,1,0,1,1,0,0,1,0,0
19437706,0,1,0,0,1,0,1,1,0,1,1,0,0,1,0,0,1,0,0,1,0,0,1,0,0,1,0,1,0,0,0
19438471,0,1,0,1,0,0,0,1,0,0,1,0,0,1,0,0,1,0,0,1,0,0,1,0,0,1,0,0,1,0,0
19460617,0,1,0,1,0,0,0,1,0,1,1,0,0,1,0,0,1,0,0,1,0,0,1,0,0,1,0,0,1,0,0
19467254,0,1,0,0,1,0,0,1,0,1,0,0,0,1,0,0,1,0,0,1,0,0,1,0,1,1,0,0,0,0,0
19468303,0,1,0,0,1,0,0,1,0,0,1,0,0,1,0,0,1,0,0,1,0,0,1,0,1,1,0,0,1,0,0
19470483,1,0,0,0,1,0,0,1,0,0,1,0,0,1,0,0,1,0,0,1,0,0,1,0,0,0,0,1,1,0,0
19472952,0,1,0,0,1,0,1,1,0,0,1,0,0,1,0,0,0,1,0,1,0,1,0,0,0,1,0,0,1,0,1
19477001,1,0,0,0,1,0,0,1,0,0,1,0,0,1,0,0,1,0,0,1,0,0,1,0,0,1,0,0,1,0,0
19970856,0,1,0,0,1,0,0,1,0,0,1,0,0,1,0,0,1,0,0,1,0,1,0,0,1,0,0,0,1,0,0
20000350,0,1,0,0,1,0,0,1,0,0,1,0,1,0,0,0,1,0,0,1,0,0,1,0,0,1,0,0,1,0,0
20003726,0,1,0,1,0,0,0,1,0,0,0,0,0,1,0,0,1,0,0,1,0,0,1,0,1,1,0,0,1,0,0
20004253,0,1,0,1,0,0,1,1,0,0,1,0,0,1,0,0,1,0,0,1,0,0,1,0,0,1,0,0,1,0,0
20010107,0,1,0,0,1,0,0,1,0,0,1,0,0,1,0,0,1,0,0,1,0,0,1,0,0,1,0,1,1,0,0
20015570,1,1,0,0,1,0,1,1,0,0,1,0,0,1,0,0,1,0,0,1,0,0,1,0,1,1,0,0,1,0,0
20020060,0,1,0,0,1,0,1,0,0,0,1,0,0,1,0,0,1,0,0,1,0,0,1,0,0,1,0,0,1,0,0
20021369,0,1,0,0,1,0,0,1,0,0,1,0,0,1,0,0,1,0,0,1,0,0,1,0,0,1,0,0,1,0,0
20022518,0,1,0,1,1,0,0,1,0,1,0,0,0,1,0,0,1,0,0,1,0,0,1,0,1,0,0,0,1,0,0
20023141,0,1,0,0,1,0,0,1,0,0,1,0,0,1,0,0,1,0,0,1,0,0,1,0,0,1,0,0,1,0,0
20024809,0,1,0,0,1,0,0,1,0,0,1,0,0,1,0,0,1,0,1,1,0,1,0,0,0,1,0,0,1,0,0
20032187,0,1,0,1,0,0,1,0,0,0,1,0,0,1,0,0,1,0,0,1,0,1,0,0,1,0,0,0,1,0,0
20047472,0,1,0,0,1,0,0,1,0,1,0,0,0,1,0,0,1,0,0,1,0,1,0,1,1,0,0,1,1,0,1
20048510,0,1,0,1,0,0,0,1,0,1,0,0,0,1,0,0,1,0,0,1,0,0,1,0,1,1,0,0,1,0,0
20080870,0,1,0,0,1,0,0,1,0,1,1,0,0,1,0,1,1,0,0,1,0,0,1,0,1,0,0,1,1,0,0
20081399,0,1,0,0,1,0,0,1,0,1,1,0,0,1,0,0,1,0,0,1,0,0,1,0,0,1,0,0,1,0,0
20083053,0,1,0,0,1,0,0,1,0,1,0,0,1,0,0,0,1,0,0,1,0,0,1,0,1,1,0,1,1,0,0
20084491,0,1,0,1,1,0,0,1,0,1,1,0,0,1,0,0,1,0,0,1,0,0,1,0,1,1,0,0,1,0,0
20089553,0,1,0,0,1,0,1,1,0,0,1,0,0,1,0,0,1,0,0,1,0,0,1,0,1,1,0,0,1,0,0
20094195,0,1,0,0,1,0,0,1,0,1,0,0,0,1,0,0,1,0,0,1,0,0,1,0,0,1,0,1,1,0,0
20099777,0,1,0,0,1,0,0,1,0,0,1,0,0,1,0,0,1,0,0,1,0,0,0,0,1,0,0,0,1,0,0
20101116,0,1,0,1,0,0,1,0,0,1,1,0,0,1,0,0,1,0,0,1,0,0,1,0,1,1,0,0,1,0,0
20103657,0,1,0,0,1,0,0,1,0,1,1,0,1,0,1,0,1,0,0,1,0,0,1,0,0,1,0,0,1,0,1
20112813,0,1,0,1,0,0,0,1,0,0,1,0,0,1,0,0,1,0,0,1,0,0,1,0,0,1,0,0,1,0,0
20114613,1,0,1,0,1,0,0,1,0,0,1,0,0,1,0,0,1,0,0,1,0,1,1,0,0,1,0,0,1,0,1
20121378,0,1,0,0,1,0,0,1,0,0,1,0,0,1,0,0,1,0,0,1,0,0,1,0,0,1,0,0,1,0,0
20124884,0,1,0,1,0,0,0,1,0,0,1,0,0,1,0,0,1,0,0,1,0,1,1,0,0,1,0,0,1,0,0
20140364,0,1,0,1,0,0,0,1,0,0,1,0,0,1,0,0,1,0,0,1,0,1,0,0,0,1,0,0,1,0,0
20154484,0,1,0,0,1,0,1,1,0,1,0,0,0,1,0,0,1,0,0,1,0,1,0,0,0,1,0,0,1,0,0
20159431,0,1,0,1,0,0,1,0,0,0,1,0,0,1,0,0,1,0,0,1,0,0,1,0,0,1,0,0,1,0,0
20161216,0,1,0,0,1,0,0,1,0,1,1,0,0,1,0,0,0,0,0,1,0,0,1,0,0,0,0,0,1,0,0
20183025,0,1,0,1,1,0,0,1,0,1,1,0,0,1,0,0,1,0,0,1,0,0,1,0,0,1,0,0,1,0,0
20183822,0,1,0,0,1,0,1,0,0,0,1,0,0,1,0,0,1,0,0,1,0,0,1,0,1,0,0,0,1,0,0
20198019,0,1,0,0,1,0,1,1,0,0,1,0,0,1,0,0,1,0,0,1,0,0,1,0,0,1,0,0,1,0,0
20202393,0,1,0,1,1,0,0,1,0,1,0,0,1,0,0,0,1,0,0,1,0,0,1,0,1,1,0,0,1,0,0
20207046,0,1,0,0,1,0,0,1,0,1,0,0,0,1,0,0,1,0,0,1,0,0,1,0,1,1,0,0,1,0,0
20211473,0,1,0,1,0,0,0,1,0,0,1,0,0,1,0,0,1,0,0,1,0,0,1,0,0,1,0,0,1,0,0
20216761,0,1,0,1,0,0,1,1,0,0,1,0,0,1,0,0,1,0,0,1,0,1,0,0,1,1,0,0,1,0,0
20231519,0,1,0,0,1,0,0,1,0,0,1,0,0,1,0,0,1,0,0,1,0,0,1,0,0,1,0,0,1,0,0
20240878,0,1,0,0,1,0,1,1,0,1,1,0,0,1,0,0,1,0,0,1,0,0,1,0,0,1,0,0,1,0,0
20247194,0,1,0,0,1,0,0,0,0,0,1,0,0,1,0,0,1,0,0,1,0,0,1,0,1,0,0,0,1,0,0
20248203,0,1,0,0,1,0,0,1,0,0,1,0,0,1,0,0,1,0,0,1,0,0,1,0,0,1,0,1,1,0,0
20250526,0,1,0,1,1,0,0,1,0,1,1,0,0,1,0,0,1,0,0,1,0,0,1,0,0,1,0,0,1,0,0
20255177,0,1,0,0,1,0,0,1,0,1,0,0,0,1,0,0,1,0,0,1,0,0,1,0,1,0,0,1,0,0,0
20263828,0,1,0,1,0,0,0,1,0,0,1,0,0,1,0,0,0,0,0,1,0,0,0,0,0,1,0,0,1,0,0
20268199,0,1,0,1,0,0,1,0,0,0,1,0,0,1,0,1,0,1,0,1,0,0,1,0,0,0,0,0,1,0,1
20270590,0,1,0,0,1,0,0,1,0,0,1,0,0,1,0,1,0,0,0,1,0,0,1,0,0,1,0,0,1,0,0
20276277,0,1,0,1,0,0,1,1,0,0,1,0,0,1,0,0,1,0,0,1,0,1,0,0,0,1,0,0,1,0,0
20278396,0,1,0,0,1,0,0,1,0,0,1,0,1,0,0,0,1,0,0,1,0,0,1,0,0,1,0,0,1,0,0
20280232,0,1,0,0,1,0,0,1,0,0,1,0,0,1,0,0,1,0,0,1,0,0,1,0,1,0,0,1,0,0,0
20280929,0,1,0,1,0,0,0,1,0,1,0,0,0,1,0,0,1,0,0,1,0,0,1,0,0,1,0,0,1,0,0
20282612,0,1,0,0,1,0,0,1,0,1,0,0,1,1,0,0,1,0,0,1,0,0,1,0,0,1,0,0,1,0,0
20283477,0,1,0,0,1,0,0,1,0,0,1,0,0,1,0,0,1,0,0,1,0,0,1,0,1,1,0,1,1,0,0
20301756,0,1,0,0,1,0,0,1,0,1,0,0,0,1,0,0,1,0,0,1,0,1,1,0,1,1,0,0,1,0,0
20301900,0,1,0,0,1,0,0,1,0,0,1,0,0,1,0,0,1,0,0,1,0,0,1,0,0,1,0,1,1,0,0
20302188,0,1,0,1,0,0,0,1,0,0,1,0,0,1,0,0,1,0,0,1,0,0,1,0,1,0,0,0,1,0,0
20304849,0,1,0,1,0,1,0,1,0,1,1,0,0,1,0,0,1,0,0,1,0,0,1,0,0,0,0,0,1,0,1
20305777,0,1,0,0,1,0,0,1,0,0,1,0,0,1,0,0,1,0,0,1,0,0,1,0,0,1,0,0,1,0,0
20323085,0,1,0,1,0,0,1,1,0,1,0,0,0,1,0,0,1,0,0,1,0,0,1,0,1,0,0,0,1,0,0
20323121,0,1,0,0,1,0,1,0,0,1,1,0,0,1,0,0,1,0,0,1,0,0,1,0,1,1,0,0,1,0,0
20327993,0,1,0,0,1,0,0,1,0,0,1,0,0,1,0,0,1,0,0,1,0,0,1,0,0,1,0,0,1,0,0
20336171,0,1,0,0,1,0,0,1,0,0,1,0,0,1,0,0,1,0,0,1,0,0,1,0,0,1,0,0,1,0,0
20344537,0,1,0,0,1,0,0,1,0,1,0,0,1,1,0,0,0,0,0,1,0,0,1,0,0,1,0,0,1,0,0
20364240,0,1,0,0,1,0,0,1,0,1,0,0,1,0,0,0,1,0,0,1,0,0,1,0,0,1,0,0,1,0,0
20368192,0,1,0,0,1,0,0,1,0,1,0,0,1,0,0,0,1,0,0,1,0,0,1,0,0,1,0,0,1,0,0
20375534,0,1,0,0,1,0,0,1,0,1,0,0,0,1,0,0,1,0,0,1,0,1,0,0,1,1,0,0,1,0,0
20378330,0,1,0,0,1,0,0,1,0,1,0,0,0,1,0,0,1,0,0,1,0,0,1,0,0,1,0,0,1,0,0
20383782,0,1,0,0,1,0,0,1,0,1,0,0,0,1,0,0,1,0,0,1,0,0,1,0,1,0,0,0,1,0,0
20384101,0,1,0,0,1,0,0,1,0,0,1,0,0,1,0,1,0,0,0,1,0,0,1,0,1,1,0,0,1,0,0
20385074,0,1,0,1,0,0,0,1,0,1,1,0,0,1,0,0,1,0,0,1,0,0,1,0,0,1,0,0,1,0,0
20397172,0,1,0,0,1,0,0,1,0,0,1,0,1,0,0,0,1,0,0,1,0,1,0,0,0,1,0,1,0,0,0
20397823,0,1,0,1,0,0,0,1,0,0,1,0,0,1,0,0,1,0,0,1,0,0,1,0,1,1,0,0,1,0,0
20403304,0,1,0,0,1,0,0,1,0,0,1,0,1,0,0,0,1,0,0,1,0,0,1,0,0,1,0,0,1,0,0
20406549,0,1,0,0,1,0,0,1,0,0,1,0,1,1,0,0,1,0,0,1,0,0,1,0,0,1,0,0,1,0,0
20411572,0,1,0,0,1,0,0,1,0,0,1,0,1,1,0,0,1,0,0,1,0,0,0,0,0,1,0,0,1,0,0
20418910,1,0,0,0,1,0,1,0,0,0,1,0,0,1,0,0,1,0,0,1,0,0,1,0,0,1,0,0,1,0,0
20422898,1,0,0,0,1,0,0,1,0,0,1,0,0,1,0,0,1,0,1,1,0,0,1,0,0,0,0,1,0,1,1
20430323,0,1,0,1,0,0,0,1,0,1,1,0,0,1,0,0,1,0,0,1,0,0,1,0,1,1,0,0,1,0,0
20430425,0,1,0,0,1,0,0,1,0,0,1,0,0,1,0,0,1,0,0,1,0,0,1,0,1,1,0,0,1,0,0
20434392,0,1,0,0,1,0,0,1,0,0,1,0,0,1,0,0,1,0,0,1,0,0,1,0,1,1,0,1,1,0,0
20434406,0,1,0,1,1,0,0,1,0,0,1,0,0,1,0,0,1,0,0,1,0,0,1,0,0,1,0,0,1,0,0
20447249,0,1,0,0,1,0,1,0,0,0,1,0,0,1,0,0,1,0,0,1,0,0,1,0,1,0,1,0,1,0,1
20447519,1,0,0,0,1,0,0,1,0,0,1,0,0,1,0,0,1,0,0,1,0,0,0,0,1,1,0,1,0,1,1
20461799,0,1,0,0,1,0,0,1,0,0,1,0,1,1,0,0,1,0,0,1,0,0,1,0,0,1,0,1,1,0,0
20468976,0,1,0,1,0,0,0,1,0,1,0,1,0,1,0,0,1,0,0,1,0,0,1,0,0,1,0,0,1,0,1
20476165,0,1,0,0,1,0,0,1,0,0,1,0,0,1,0,0,1,0,0,1,0,1,0,0,1,0,0,1,0,0,0
20477394,0,1,0,0,1,0,0,1,0,1,0,0,0,1,0,0,1,0,0,1,0,0,1,0,0,1,0,0,1,0,0
20478407,0,1,0,0,1,0,0,1,0,0,1,0,0,1,0,0,1,0,0,1,0,0,1,0,0,1,0,1,1,0,0
20480266,0,1,0,0,1,0,0,1,0,0,1,0,0,1,0,1,1,0,0,1,0,0,1,0,0,1,0,1,0,0,0
20482673,0,1,0,0,1,0,0,1,0,0,1,0,1,1,0,0,1,0,0,1,0,0,1,0,0,1,0,1,0,0,0
20485089,0,1,0,0,1,0,0,1,0,0,1,0,0,1,0,1,1,0,0,1,0,0,1,0,1,1,0,1,0,0,0
20488017,0,1,0,0,1,0,1,1,0,0,1,0,0,1,0,0,1,0,0,1,0,0,1,0,1,0,0,1,1,0,0
20488368,0,1,0,0,1,0,1,1,0,0,1,0,0,1,0,1,0,0,0,1,0,1,0,0,1,0,0,1,1,0,0
20489141,0,1,0,0,1,0,0,1,0,0,1,0,1,0,0,0,1,0,0,1,0,0,1,0,1,0,0,0,1,0,0
20489984,0,1,0,1,0,0,1,1,0,1,1,0,0,1,0,0,1,0,0,1,0,0,1,0,0,1,0,0,1,0,0
20491602,0,1,0,0,1,0,1,1,0,0,1,0,0,1,0,0,1,0,1,0,0,0,1,0,1,1,0,1,1,0,0
20493115,0,1,0,1,1,0,0,1,0,1,1,0,0,1,0,0,1,0,0,1,0,0,1,0,1,1,0,0,0,0,0
20500092,0,1,0,1,1,0,1,1,0,1,0,1,0,1,0,0,1,0,0,1,0,0,1,0,1,0,0,0,1,0,1
20501375,0,1,0,1,1,0,0,1,0,0,1,0,0,1,0,0,1,0,0,1,0,0,1,0,0,0,0,1,0,0,0
20501710,0,1,0,0,1,0,0,1,0,0,1,0,0,1,0,0,1,0,0,1,0,0,1,0,0,1,0,1,1,0,0
20512902,0,1,0,0,1,0,0,1,0,0,1,0,1,1,0,0,1,0,0,1,0,0,1,0,0,1,0,1,0,0,0
20520178,0,1,0,0,1,0,0,1,0,0,1,0,0,1,0,0,1,0,0,1,0,1,0,0,0,1,0,1,1,0,0
20522383,1,0,0,0,0,0,0,1,0,0,1,0,0,1,0,0,1,0,0,1,0,0,1,0,0,1,0,1,0,0,0
20538124,0,1,0,1,1,0,0,1,0,1,0,0,1,0,0,0,1,0,0,1,0,0,1,0,1,1,0,0,1,0,0
20538618,0,1,0,0,1,0,0,1,0,1,0,0,1,0,0,0,1,0,0,1,0,0,1,0,1,0,1,0,1,0,1
20544011,0,1,0,0,1,0,0,1,0,0,1,0,0,1,0,0,1,0,0,1,0,0,1,0,0,1,0,0,1,0,0
20553131,0,1,0,0,0,0,0,1,0,0,1,0,0,1,0,1,0,0,0,1,0,0,1,0,0,1,0,1,0,0,0
20553888,0,1,0,0,1,0,0,1,0,1,1,0,0,1,0,0,1,0,0,1,0,0,1,0,0,1,0,0,1,0,0
20559541,0,1,0,0,1,0,0,1,0,1,1,0,0,1,0,0,1,0,0,1,0,1,1,0,0,1,0,0,1,0,0
20559560,0,1,0,1,0,0,1,1,0,0,1,0,0,1,0,1,1,0,0,1,0,0,1,0,1,0,0,0,1,0,0
20559900,0,1,0,1,0,0,0,1,0,0,1,0,0,1,0,0,1,0,0,1,0,1,1,0,1,0,0,0,1,0,0
20565125,0,1,0,1,0,0,1,1,0,0,1,0,0,1,0,0,1,0,0,1,0,1,1,0,1,0,0,0,1,0,0
20568597,0,1,0,1,0,0,0,1,0,1,1,0,0,1,0,0,1,0,0,1,0,0,1,0,0,1,0,0,1,0,0
20574462,0,1,0,0,1,0,0,1,0,1,0,1,1,1,0,0,1,0,0,1,0,0,1,0,0,1,0,0,1,0,1
20578639,0,1,0,1,0,0,0,1,0,1,1,0,0,1,0,0,1,0,0,1,0,1,0,0,0,1,0,0,1,0,0
20578714,0,1,0,0,1,0,0,1,0,1,0,0,1,0,0,0,1,0,0,1,0,0,1,0,0,1,0,0,1,0,0
20579424,0,1,0,0,1,0,0,1,0,1,0,0,0,1,0,0,1,0,0,1,0,0,1,0,0,1,0,0,1,0,0
20580720,0,1,0,1,0,0,0,1,0,0,1,0,0,1,0,0,1,0,0,1,0,0,1,0,1,1,0,0,1,0,0
20580870,0,1,0,1,0,0,1,1,0,1,1,0,0,1,0,0,1,0,0,1,0,0,1,0,1,0,0,0,1,0,0
20582376,0,1,0,0,1,0,0,1,0,1,0,0,1,1,0,0,1,0,0,1,0,0,1,0,0,1,0,1,1,0,0
20582708,0,1,0,0,1,0,0,1,0,1,0,0,1,0,0,0,1,0,0,1,0,0,1,0,1,1,0,0,1,0,0
20583145,0,1,0,0,1,0,0,1,0,0,1,0,0,1,0,0,1,0,0,1,0,0,1,0,1,1,0,0,1,0,0
20586599,0,1,0,0,1,0,0,1,0,0,1,0,0,1,0,0,1,0,0,1,0,0,1,0,0,1,0,0,1,0,0
20589104,0,1,0,0,1,0,0,1,0,0,1,0,0,1,0,0,1,0,0,1,0,0,1,0,0,1,0,1,1,0,0
20605956,0,1,0,0,1,0,1,0,0,0,1,0,0,1,0,0,1,0,0,1,0,0,1,0,1,0,0,1,1,0,0
20606091,0,1,0,0,1,0,0,1,0,1,0,0,1,1,0,1,1,0,0,1,0,0,1,0,0,1,0,0,1,0,0
20608805,0,1,0,0,0,1,1,0,0,1,1,0,0,1,0,0,1,0,0,1,0,0,1,0,1,1,0,0,1,0,1
20602973,0,1,0,0,1,0,1,1,0,0,1,0,0,1,0,0,1,0,0,1,0,0,1,0,0,1,0,0,1,0,0
20611920,0,1,0,0,1,0,1,0,0,0,1,0,0,1,0,0,1,0,0,1,0,0,1,0,0,1,0,0,1,0,0
20612065,0,1,0,0,1,0,0,1,0,0,1,0,1,1,0,0,1,0,0,1,0,0,1,0,0,1,0,0,1,0,0
20612331,0,1,0,1,0,0,0,1,0,1,0,0,0,1,0,0,1,0,0,1,0,0,1,0,1,0,0,0,1,0,0
20613236,0,1,0,0,1,0,0,1,0,1,0,0,1,0,0,0,1,0,0,1,0,0,1,0,0,1,0,0,0,0,0
20620121,0,1,0,1,0,0,0,1,0,1,1,0,0,1,0,0,1,0,0,1,0,0,1,0,0,1,0,0,1,0,0
20633867,0,1,0,1,1,0,0,1,0,0,1,0,0,1,0,0,1,0,0,1,0,0,1,0,0,1,0,0,1,0,0
20642185,0,1,0,0,1,0,0,1,0,0,1,0,0,1,0,1,0,0,0,1,0,0,1,0,0,1,0,0,1,0,0
20643678,0,1,0,1,0,1,0,1,0,1,0,0,0,1,0,0,1,0,0,1,0,0,1,0,0,1,0,0,1,0,1
20650631,0,1,0,1,0,0,0,1,0,0,1,0,1,1,0,0,1,0,0,1,0,0,1,0,0,1,0,0,1,0,0
20650849,0,1,0,1,0,0,0,1,0,0,1,0,0,1,0,0,1,0,0,1,0,0,1,0,0,1,0,0,1,0,0
20657977,0,1,0,0,1,0,0,1,0,1,0,0,0,1,0,0,1,0,0,1,0,0,1,0,0,1,0,1,0,1,1
20658124,0,1,0,1,1,0,0,1,0,1,0,0,0,1,0,0,1,0,0,1,0,0,1,0,1,1,0,0,1,0,0
20668494,0,1,0,0,1,0,0,1,0,0,1,0,0,1,0,0,1,0,0,1,0,0,1,0,0,1,0,0,1,0,0
20695518,0,1,0,0,1,0,0,1,0,0,1,0,0,1,0,0,1,0,0,1,0,0,1,0,1,1,0,0,1,0,0
20705537,0,1,0,0,1,0,0,1,0,1,0,1,0,1,0,0,0,0,0,1,0,0,1,0,1,0,0,0,1,0,1
20713506,0,1,0,1,0,0,0,1,0,1,1,0,0,1,0,0,1,0,0,1,0,0,1,0,1,1,0,0,1,0,0
20714698,1,0,0,0,1,0,1,0,1,0,0,0,0,1,0,0,1,0,0,1,0,0,1,0,0,0,0,0,1,0,1
20715097,0,1,0,1,0,0,0,1,0,1,1,0,0,1,0,0,1,0,0,1,0,0,1,0,1,0,0,0,1,0,0
20716178,0,1,0,0,1,0,0,1,0,1,1,0,1,1,0,0,1,0,0,1,0,0,1,0,0,1,0,0,1,0,0
20720478,0,1,0,0,1,0,0,1,0,1,0,0,1,0,0,0,1,0,0,1,0,1,1,0,0,1,0,0,1,0,0
20734482,0,1,0,1,0,1,0,1,0,0,1,0,0,1,0,0,1,0,0,1,0,0,1,0,0,1,0,0,1,0,1
20737162,0,1,0,1,1,0,0,1,0,1,1,0,0,1,0,0,1,0,0,1,0,0,1,0,1,0,0,0,1,0,0
20740047,0,1,0,0,1,0,0,1,0,0,1,0,0,1,0,0,1,0,0,1,0,1,0,0,1,0,0,0,1,0,0
20742992,0,1,0,0,1,0,0,1,0,1,0,0,1,1,0,0,1,0,0,1,0,1,0,0,1,1,0,1,1,0,0
20748142,0,1,0,0,1,0,0,1,0,1,1,0,0,1,0,0,1,0,0,1,0,0,1,0,0,1,0,0,1,0,0
20750723,0,1,0,0,1,0,0,1,0,1,1,0,0,1,0,0,1,0,0,1,0,0,1,0,0,1,0,1,0,0,0
20750767,0,1,0,0,1,0,0,1,0,0,1,0,0,1,0,0,1,0,0,1,0,0,1,0,1,0,0,1,1,0,0
20753681,0,1,0,1,0,0,0,1,0,1,0,0,0,1,0,0,1,0,0,1,0,0,1,0,0,1,0,0,1,0,0
20767365,0,1,0,0,1,0,0,1,0,0,1,0,0,1,0,0,1,0,0,1,0,0,1,0,0,1,0,0,1,0,0
20771900,0,1,0,1,0,0,0,1,0,1,0,0,0,1,0,0,1,0,0,1,0,0,1,0,1,0,1,0,1,0,1
20773657,0,1,0,0,1,0,0,1,0,1,1,0,0,1,0,0,1,0,0,1,0,0,1,0,1,1,0,0,1,0,0
20774954,0,1,0,0,1,0,1,1,0,1,1,0,0,1,0,0,1,0,0,1,0,0,1,0,0,1,0,0,1,0,0
20779194,0,1,0,0,1,0,0,1,0,1,0,0,0,1,0,0,0,0,0,1,0,0,1,0,0,0,0,0,1,0,0
20781798,0,1,0,0,1,0,0,1,0,0,1,0,1,1,0,0,1,0,0,1,0,0,1,0,0,1,0,0,1,0,0
20798612,0,1,0,0,1,0,1,1,0,1,1,0,0,1,0,0,1,0,0,1,0,0,1,0,1,1,0,1,1,0,0
20803332,0,1,0,0,1,0,0,1,0,0,1,0,0,1,0,1,0,0,0,1,0,0,1,0,0,0,0,0,1,0,0
20808181,0,1,0,0,1,0,0,1,0,1,0,0,1,1,0,0,1,0,0,1,0,0,1,0,0,1,0,0,1,0,0
20808269,0,1,0,0,1,0,0,0,1,0,1,0,0,1,0,0,1,0,0,1,0,0,1,0,0,1,0,0,1,0,1
20811678,0,1,0,0,1,0,1,1,0,1,1,0,0,1,0,0,1,0,0,1,0,0,1,0,0,1,0,1,0,0,0
20817104,0,1,0,0,1,0,0,1,0,0,1,0,0,1,0,1,1,0,0,1,0,0,1,0,0,1,0,0,1,0,0
20819210,0,1,0,0,1,0,0,1,0,0,1,0,0,1,0,0,1,0,0,1,0,0,1,0,0,0,1,1,0,0,1
20825648,0,1,0,0,1,0,1,1,0,1,1,0,0,1,0,0,1,0,0,1,0,0,1,0,0,1,0,1,0,0,0
20826125,0,1,0,0,1,0,0,1,0,1,0,0,1,1,0,0,1,0,0,1,0,0,1,0,0,1,0,0,1,0,0
20837983,1,1,0,0,1,0,0,1,0,1,1,0,0,1,0,0,1,0,0,1,0,0,1,0,1,0,0,1,1,0,0
20841233,0,1,0,1,1,0,0,1,0,1,0,0,0,1,0,0,1,0,0,1,0,0,1,0,0,1,0,0,1,0,0
20843455,0,1,0,0,1,0,0,1,0,1,0,0,0,1,0,0,1,0,0,1,0,0,1,0,0,1,0,0,1,0,0
20845055,0,1,0,0,1,0,0,1,0,1,0,0,1,0,0,0,1,0,0,1,0,1,0,0,0,1,0,0,1,0,0
20846144,0,1,0,0,1,0,0,0,0,1,0,1,0,1,0,0,1,0,0,1,0,0,1,0,1,1,0,1,1,0,1
20849003,0,1,0,0,1,0,0,1,0,0,1,0,1,1,0,0,1,0,0,1,0,1,1,0,0,1,0,0,1,0,0
20853611,0,1,0,0,1,0,0,1,0,1,0,0,0,1,0,0,1,0,0,1,0,0,1,0,1,1,0,0,1,0,0
20856931,0,1,0,0,1,0,0,1,0,1,1,0,0,1,0,0,1,0,0,1,0,0,1,0,0,0,0,0,1,0,0
20859304,0,1,0,0,1,0,1,0,0,0,1,0,0,1,0,0,1,0,0,1,0,0,1,0,0,1,0,0,1,0,0
20867028,0,1,0,0,1,0,0,1,0,1,0,0,1,0,0,0,1,0,0,1,0,0,1,0,1,0,0,0,1,0,0
20871654,0,1,0,1,1,0,0,1,0,0,1,0,0,1,0,1,1,0,0,1,0,0,1,0,0,1,0,0,1,0,0
20876416,0,1,0,1,0,0,0,1,0,1,0,0,1,1,0,0,1,0,0,1,0,0,1,0,1,0,0,0,1,0,0
20879101,0,1,0,1,0,0,0,1,0,1,0,0,1,0,0,0,1,0,0,1,0,0,1,0,0,1,0,0,1,0,0
20879470,0,1,0,1,0,0,1,1,0,0,1,0,0,1,0,0,1,0,0,1,0,1,1,0,0,1,0,0,1,0,0
20881063,0,1,0,1,0,0,0,1,0,0,1,0,1,0,0,0,1,0,0,1,0,0,1,0,0,1,0,0,1,0,0
20882044,1,0,0,0,1,0,0,1,0,0,1,0,0,1,0,1,1,0,0,1,0,0,1,0,1,1,0,1,1,0,0
20885064,0,1,0,1,0,0,1,1,0,0,1,0,0,1,0,0,1,0,0,1,0,0,1,0,0,1,0,0,1,0,0
20890854,0,1,0,1,0,0,0,1,0,1,1,0,0,1,0,0,1,0,0,1,0,0,1,0,1,1,0,0,0,0,0
20891629,0,1,0,0,1,0,0,1,0,1,1,0,0,1,0,0,1,0,0,1,0,0,1,0,0,1,0,0,1,0,0
20896203,0,1,0,0,1,0,0,1,0,0,1,0,1,1,0,0,1,0,0,1,0,0,1,0,0,1,0,0,1,0,0
20901734,0,1,0,1,1,0,1,1,0,0,1,0,0,1,0,0,1,0,0,1,0,0,1,0,0,1,0,0,0,0,0
20902269,0,1,0,0,1,0,0,1,0,0,1,0,0,1,0,0,1,0,0,1,0,0,1,0,1,1,0,1,1,0,0
20906237,0,1,0,1,0,0,0,1,0,1,1,0,0,1,0,0,1,0,0,1,0,0,1,0,0,1,0,0,1,0,0
20915930,0,1,0,0,1,0,0,1,0,1,0,0,0,1,0,0,1,0,0,1,0,1,0,0,0,1,0,1,0,0,0
20924283,0,1,0,0,1,0,0,1,0,1,0,0,1,1,0,0,1,0,0,1,0,0,1,0,0,1,0,0,1,0,0
20930078,0,1,0,0,1,0,1,0,0,0,1,0,0,1,0,0,1,0,0,1,0,0,1,0,0,1,0,0,1,0,0
20933210,0,1,0,1,0,0,0,1,0,0,1,0,0,1,0,0,1,0,0,1,0,0,1,0,1,1,0,0,1,0,0
20946032,1,0,0,0,1,0,0,1,0,0,1,0,0,1,0,0,1,0,0,1,0,0,1,0,0,1,0,1,1,0,0
20948743,0,1,0,0,1,0,0,1,0,1,0,0,1,0,0,0,1,0,0,1,0,0,1,0,0,1,0,0,1,0,0
20949182,0,1,0,0,1,0,0,1,0,0,1,0,0,1,0,0,1,0,0,1,0,0,1,0,0,1,0,0,1,0,0
20949756,0,1,0,0,1,0,0,1,0,0,1,0,0,1,0,0,1,0,0,1,0,0,1,0,0,1,0,1,0,1,1
20954008,0,1,0,0,1,0,0,1,0,1,1,0,0,1,0,0,1,0,0,1,0,0,1,0,0,1,0,0,1,0,0
20961193,0,1,0,1,0,0,1,1,0,0,1,0,0,1,0,1,0,0,0,1,0,1,0,0,1,1,0,0,1,0,0
20969801,0,1,0,0,0,0,0,1,0,0,1,0,0,1,0,0,1,0,0,1,0,0,1,0,1,1,0,1,1,0,0
20970816,1,0,0,1,0,0,1,1,0,1,1,0,0,1,0,0,1,0,0,1,0,0,1,0,1,0,0,0,1,0,0
20974420,0,1,0,0,1,0,0,1,0,0,1,0,0,1,0,0,0,0,0,1,0,0,1,0,0,1,0,1,0,0,0
20974558,0,1,0,1,0,0,0,1,0,1,0,0,1,0,0,0,1,0,0,1,0,1,0,0,0,1,0,0,1,0,0
20977560,0,1,0,1,0,0,0,1,0,0,1,0,1,0,0,0,1,0,0,1,0,0,1,0,1,0,0,0,1,0,0
20979006,0,1,0,1,0,0,0,1,0,1,0,0,1,0,0,0,1,0,0,1,0,0,0,0,1,1,0,0,1,0,0
20980965,0,1,0,1,1,0,0,1,0,1,0,1,1,0,0,0,1,0,0,1,0,0,1,0,1,1,0,0,1,0,1
20986113,0,1,0,0,1,0,0,1,0,1,0,0,1,1,0,0,1,0,0,1,0,0,1,0,0,1,0,0,1,0,0
20992259,0,1,0,0,1,0,0,1,0,0,1,0,0,1,0,0,1,0,0,1,0,0,1,0,0,1,0,0,1,0,0
20994792,0,1,0,1,0,0,1,1,0,1,1,0,0,1,0,0,1,0,0,1,0,1,0,0,1,1,0,0,1,0,0
21002349,0,1,0,0,1,0,0,1,0,1,1,0,0,1,0,0,1,0,0,1,0,0,1,0,0,1,0,0,1,0,0
21003129,0,1,0,1,1,0,0,1,0,1,0,0,0,1,0,0,1,0,0,1,0,1,0,0,0,1,0,0,1,0,0
21003804,1,0,0,0,1,0,0,1,0,0,1,0,0,1,0,0,1,0,0,1,0,0,1,0,0,1,0,1,0,0,0
21003933,0,1,0,1,1,0,0,1,0,0,1,0,0,1,0,0,1,0,0,1,0,0,1,0,1,1,0,0,1,0,0
21005257,0,1,0,0,1,0,0,1,0,1,0,0,0,1,0,0,1,0,0,1,0,0,1,0,1,1,0,0,1,0,0
21005381,0,1,0,0,1,0,0,1,0,1,0,0,1,1,0,0,1,0,0,1,0,1,1,0,0,1,0,0,1,0,0
21006420,0,1,0,1,0,0,0,1,0,0,1,0,0,1,0,0,1,0,0,1,0,0,1,0,0,1,0,0,1,0,0
21006790,0,1,0,0,1,0,0,1,0,0,1,0,0,1,0,0,1,0,0,1,0,0,1,0,1,1,0,0,1,0,0
21008002,0,1,0,1,0,0,0,1,0,0,1,0,1,0,0,0,1,0,0,1,0,0,1,0,0,1,0,0,1,0,0
21012477,0,1,0,0,1,0,0,1,0,1,1,0,0,1,0,0,1,0,0,1,0,0,1,0,0,1,0,0,1,0,0
21017911,0,1,0,1,0,0,1,1,0,0,1,0,0,1,0,1,0,0,0,1,0,0,1,0,0,1,0,0,1,0,0
21018349,0,1,0,0,1,0,0,1,0,0,1,0,0,1,0,0,1,0,0,1,0,0,1,0,1,1,0,0,1,0,0
21018709,0,1,0,0,1,0,1,0,0,0,1,0,0,1,0,0,1,0,0,1,0,0,1,0,0,1,0,0,1,0,0
21021699,1,0,0,0,1,0,0,1,0,1,0,0,0,1,0,1,0,0,0,1,0,0,1,0,1,0,0,0,1,0,0
21022313,0,1,0,0,1,0,0,1,0,1,0,0,0,1,0,0,1,0,0,1,0,0,1,0,1,0,0,0,1,0,0
21031520,0,1,0,0,1,0,0,1,0,0,1,0,0,1,0,0,1,0,0,1,0,0,1,0,0,1,0,0,1,0,0
21032050,0,1,0,1,0,0,0,1,0,0,1,0,0,1,0,0,1,0,0,1,0,0,1,0,1,1,0,0,1,0,0
21032268,0,1,0,0,1,0,0,1,0,1,0,0,0,1,0,0,1,0,0,1,0,0,1,0,1,1,0,0,1,0,0
21034313,0,1,0,1,1,0,0,1,0,0,1,0,1,0,0,0,1,0,0,1,0,0,1,0,0,1,0,0,1,0,0
21036638,0,1,0,1,1,0,0,1,0,1,1,0,0,1,0,0,1,0,0,1,0,0,1,0,1,1,0,0,1,0,0
21039602,0,1,0,0,1,0,1,1,0,1,0,0,0,1,0,0,1,0,0,1,0,1,1,0,0,1,0,0,1,0,0
21040774,0,1,0,1,0,0,0,1,0,1,1,0,0,1,0,0,1,0,0,1,0,0,1,0,0,1,0,0,1,0,0
21042588,0,1,0,1,0,0,1,1,0,0,1,0,0,1,0,1,0,0,0,1,0,0,1,0,1,1,0,0,1,0,0
21043695,0,1,0,0,1,0,0,1,0,0,1,0,1,1,0,0,1,0,0,1,0,0,1,0,0,1,0,0,1,0,0
21047878,0,1,0,0,1,0,0,1,0,1,1,0,1,0,0,0,1,0,0,1,0,0,1,0,0,1,0,0,1,0,0
21050557,0,1,0,0,1,0,1,1,0,1,0,0,0,1,0,0,1,0,0,1,0,0,1,0,1,1,0,0,1,0,0
21050706,0,1,0,1,1,0,1,1,0,1,0,0,0,1,0,0,1,0,0,1,0,0,1,0,1,0,0,0,1,0,0
21051047,0,1,0,0,1,0,1,1,0,0,1,0,0,1,0,0,1,0,0,1,0,0,1,0,1,0,0,0,1,0,0
21052224,1,0,0,0,1,0,0,1,0,0,1,0,0,1,0,0,1,0,0,1,0,0,1,0,1,0,0,1,1,0,0
21058624,0,1,0,0,1,0,1,1,0,1,1,0,0,1,0,0,1,0,0,1,0,0,1,0,0,1,0,0,1,0,0
21058632,0,1,0,1,0,0,0,1,0,0,0,0,0,1,0,0,1,0,0,1,0,0,1,0,1,1,0,0,1,0,0
21062020,0,1,0,0,1,0,0,1,0,0,1,0,0,1,0,0,1,0,0,1,0,1,0,0,0,1,0,0,1,0,0
21062942,0,1,0,0,1,0,1,1,0,1,1,0,0,1,0,0,1,0,0,1,0,0,1,0,0,1,0,0,1,0,0
21065437,0,1,0,0,1,0,0,1,0,1,1,0,0,1,0,0,1,0,0,1,0,0,1,0,1,0,0,1,1,0,0
21065441,0,1,0,1,0,0,0,1,0,1,1,0,0,1,0,0,1,0,0,1,0,0,1,0,1,1,0,0,1,0,0
21066639,0,1,0,1,1,0,1,0,1,1,0,0,0,1,0,0,1,0,0,1,0,0,1,0,0,1,0,0,1,0,1
21072216,0,1,0,0,1,0,0,1,0,1,0,0,0,1,0,0,1,0,0,1,0,0,1,0,0,1,0,0,1,0,0
21074824,0,1,0,0,1,0,0,1,0,0,1,0,1,1,0,1,1,0,0,1,0,0,1,0,0,1,0,1,0,0,0
21075195,0,1,0,0,1,0,0,1,0,0,1,0,0,1,0,0,1,0,0,1,0,1,0,0,0,1,0,0,1,0,0
21077997,0,1,0,0,1,0,0,1,0,1,0,1,1,0,0,0,1,0,0,1,0,0,1,0,0,1,0,0,0,0,1
21081496,1,1,0,0,1,0,0,1,0,0,1,0,1,0,0,0,1,0,0,1,0,0,1,0,1,1,0,0,1,0,0
21084487,0,1,0,0,1,0,0,1,0,0,1,0,1,0,0,0,1,0,0,1,0,0,1,0,1,1,0,0,1,0,0
21086756,1,0,0,0,1,0,0,1,0,0,1,0,0,1,0,0,1,0,0,1,0,0,1,0,1,1,0,1,1,0,0
21088202,0,1,0,0,1,0,0,1,0,0,1,0,0,1,0,0,1,0,0,1,0,0,1,0,0,1,0,0,0,0,0
21088362,1,0,0,0,1,0,1,1,0,0,1,0,0,1,0,0,1,0,0,1,0,0,1,0,0,1,0,1,1,0,0
21088684,0,1,0,0,1,0,0,1,0,1,1,0,0,1,0,0,1,0,0,1,0,0,1,0,0,1,0,0,1,0,0
21091566,0,1,0,0,1,0,0,1,0,0,1,0,1,0,0,0,1,0,0,1,0,0,1,0,1,1,0,1,0,0,0
21092233,0,1,0,0,1,0,0,1,0,1,1,0,1,1,0,0,1,0,0,1,0,0,1,0,0,1,0,0,1,0,0
21095949,0,1,0,1,0,0,0,1,0,0,1,0,0,1,0,0,1,0,0,1,0,0,1,0,1,1,0,0,0,0,0
21097944,0,1,0,1,0,0,0,1,0,1,0,1,0,1,0,0,1,0,0,1,0,1,0,0,1,1,0,0,0,0,1
21102501,0,1,0,1,1,0,0,1,0,0,1,0,0,1,0,0,1,0,0,1,0,0,1,0,1,1,0,0,1,0,0
21102927,1,0,0,0,1,0,0,1,0,1,0,0,0,1,0,0,1,0,0,1,0,0,1,0,0,1,0,1,0,0,0
21104357,0,1,0,1,1,0,0,1,0,0,1,0,0,1,0,0,1,0,0,1,0,0,1,0,1,1,0,0,1,0,0
21105611,1,1,0,0,1,0,0,1,0,0,1,0,0,1,0,0,1,0,0,1,0,0,1,0,0,1,0,0,1,0,0
21107761,1,0,0,0,1,0,0,1,0,1,0,0,1,0,0,0,1,0,0,1,0,0,0,0,1,0,0,0,1,0,0
21108796,0,1,0,0,1,0,0,1,0,0,1,0,0,1,0,1,0,0,0,1,0,0,1,0,0,1,0,1,0,0,0
21110187,0,1,0,0,1,0,0,1,0,0,1,0,0,1,0,0,1,0,0,1,0,1,1,0,1,1,0,0,1,0,0
21110839,0,1,0,0,1,0,1,0,0,0,1,0,0,1,0,0,1,0,0,1,0,0,1,0,1,0,0,0,1,0,0
21112071,0,1,0,1,0,0,0,1,0,0,1,0,0,1,0,0,1,0,0,1,0,0,1,0,1,0,0,0,1,0,0
21119308,0,1,0,0,1,0,0,1,0,0,1,0,0,1,0,0,1,0,0,1,0,0,1,0,0,1,0,0,0,0,0
21123066,0,1,0,1,1,0,1,0,0,0,1,0,0,1,0,0,1,0,0,1,0,1,1,0,1,1,0,0,1,0,0
21125995,0,1,0,0,1,0,1,1,0,0,1,0,0,1,0,1,1,0,0,1,0,0,1,0,0,1,0,0,1,0,0
21126079,0,1,0,0,1,0,0,1,0,1,1,0,0,1,0,0,1,0,0,1,0,0,1,0,0,1,0,0,1,0,0
21126481,1,0,0,0,1,0,0,1,0,0,1,0,0,1,0,0,1,0,0,1,0,0,1,0,1,0,0,1,0,0,0
21129596,0,1,0,0,1,0,0,1,0,1,0,0,0,1,0,0,1,0,0,1,0,0,1,0,1,0,0,0,1,0,0
21132010,0,1,0,0,1,0,0,1,0,1,0,0,1,0,0,0,1,0,0,1,0,0,1,0,0,1,0,0,1,0,0
21133185,0,1,0,1,0,0,1,0,0,0,1,0,0,1,0,0,1,0,0,1,0,0,1,0,1,0,0,0,1,0,0
21135404,0,1,0,0,1,0,0,1,0,0,1,0,0,1,0,0,1,0,0,1,0,0,1,0,1,0,0,1,1,0,0
21138090,0,1,0,0,1,0,0,1,0,0,1,0,0,1,0,0,1,0,0,1,0,0,1,0,0,1,0,0,0,0,0
21143611,0,1,0,1,0,0,1,0,0,0,1,0,0,1,0,0,1,0,0,1,0,0,1,0,1,1,0,0,1,0,0
21160358,0,1,0,0,1,0,0,1,0,0,1,0,0,1,0,0,1,0,0,1,0,0,1,0,0,1,0,0,1,0,0
21168139,0,1,0,1,0,0,0,1,0,0,1,0,0,1,0,0,1,0,0,1,0,1,1,0,0,1,0,0,1,0,0
21175810,0,1,0,0,1,0,0,1,0,1,1,0,0,1,0,0,1,0,0,1,0,0,1,0,0,1,0,0,1,0,0
21180181,0,1,0,0,1,0,0,1,0,1,0,0,0,1,0,0,1,0,0,1,0,0,1,0,0,1,0,0,1,0,0
21182965,0,1,0,0,1,0,0,1,0,1,0,0,0,1,0,0,1,0,0,1,0,1,1,0,0,1,0,0,1,0,0
21186196,0,1,0,0,1,0,0,1,0,1,0,0,1,1,0,0,1,0,0,1,0,0,1,0,1,0,0,0,1,0,0
21186229,0,1,0,1,0,0,1,1,0,0,1,0,0,1,0,1,0,0,0,1,0,1,0,0,0,1,0,0,1,0,0
21186388,1,0,0,0,1,0,0,1,0,0,1,0,0,1,0,0,1,0,0,1,0,0,1,0,1,1,0,0,1,0,0
21195829,0,1,0,0,1,0,0,1,0,0,1,0,0,1,0,0,1,0,0,1,0,0,1,0,1,0,0,0,1,0,0
21199855,0,1,0,0,1,0,0,1,0,0,1,0,1,1,0,0,1,0,0,1,0,0,1,0,0,1,0,0,1,0,0
21201713,0,1,0,0,1,0,0,1,0,1,0,0,0,1,0,0,1,0,0,1,0,0,1,0,0,1,0,0,1,0,0
21208301,0,1,0,0,1,0,0,1,0,0,1,0,0,1,0,0,1,0,0,1,0,0,1,0,0,1,0,1,0,0,0
21210922,0,1,0,1,0,0,0,1,0,0,1,0,0,1,0,0,1,0,0,1,0,0,1,0,0,1,0,0,1,0,0
21211011,0,1,0,0,1,0,0,1,0,0,1,0,0,1,0,1,1,0,0,1,0,0,1,0,0,1,0,0,1,0,0
21212648,0,1,0,0,1,0,0,1,0,1,0,0,1,0,0,0,1,0,0,1,0,0,1,0,0,1,0,0,1,0,0
