Crash_ID,wrong_way,sidewalk_transition,driveway_alley,failure_to_yield,signal_violation,swerve_loss_control,dooring,distraction_impairment,vehicle_turning_across,lane_positioning,transported_hospital,unconsciousness,fracture,fatality,explicit_no_injury
18286020,1,0,1,1,0,0,0,0,1,1,1,0,1,0,0
18314365,0,0,0,0,0,0,0,0,0,1,1,0,0,0,0
18369868,0,0,0,0,0,0,0,1,1,0,1,0,0,1,0
18385472,0,0,0,0,1,0,0,0,0,0,1,0,0,0,0
18391216,0,0,1,0,0,0,0,1,1,0,0,0,0,0,0
18391833,1,0,0,0,0,0,0,0,0,0,0,0,1,0,0
18392142,0,0,0,0,0,0,0,0,1,0,0,0,0,0,0
18452325,0,0,0,0,0,0,0,0,0,0,0,0,0,0,0
18621759,0,0,1,1,0,0,0,0,1,0,0,0,0,0,0
18625016,0,0,0,0,1,0,0,1,0,0,1,0,0,0,0
18641849,1,0,0,0,0,0,0,1,0,1,0,0,0,1,0
18706178,0,0,0,0,1,1,0,0,0,1,0,0,0,0,1
18756943,0,0,1,1,0,0,0,0,0,0,0,0,0,0,0
18764612,0,0,0,1,1,0,0,0,0,0,0,0,0,0,1
18802924,0,0,0,0,0,0,0,0,0,0,0,0,0,0,0
18806351,0,0,0,0,0,0,0,0,0,1,0,0,0,0,1
18923620,0,0,0,0,0,0,0,1,1,0,1,0,0,1,0
18925961,0,0,0,0,0,1,0,0,1,0,0,0,0,0,0
18951170,0,0,0,0,0,0,0,0,0,0,0,0,0,0,0
19010130,0,1,0,0,0,1,0,1,1,0,0,0,0,0,1
19015926,0,0,0,1,0,0,0,0,0,0,1,0,0,0,0
19030755,0,0,0,0,1,0,0,0,0,0,0,0,0,0,0
19044104,0,0,0,1,0,0,0,0,1,1,1,0,0,0,0
19055507,0,0,1,0,0,0,0,0,0,0,0,0,0,0,0
19063162,1,0,0,0,1,0,0,0,0,0,0,0,0,0,0
19111788,0,0,0,1,0,0,0,0,0,0,0,0,0,0,0
19138340,0,0,1,0,0,1,0,0,0,0,0,0,0,0,0
19142204,0,0,0,0,0,0,0,0,1,0,0,0,0,0,0
19148829,0,1,0,0,1,0,0,0,1,0,0,0,0,0,0
19159931,0,0,0,0,1,1,0,0,0,0,0,0,0,0,0
19174978,0,0,1,0,0,0,0,0,0,0,0,0,0,0,0
19180118,1,0,0,0,0,0,0,0,1,1,0,0,0,0,0
19183894,0,0,0,0,0,0,0,0,0,1,0,0,0,0,0
19185174,0,1,0,0,0,0,0,1,0,0,0,0,0,0,0
19186525,0,0,1,0,0,0,0,0,0,1,0,0,0,0,0
19195336,0,0,0,0,0,0,0,0,0,1,0,0,0,0,0
19254440,0,0,0,1,1,0,0,0,0,0,0,0,0,0,1
19270000,0,0,0,1,0,0,0,0,1,1,0,0,0,0,0
19365016,0,0,0,0,1,0,0,0,0,0,0,0,0,0,0
19402680,0,0,0,0,0,0,0,0,0,0,0,0,0,0,0
19405353,1,0,0,1,0,0,0,0,1,1,0,0,0,0,0
19419756,0,0,0,0,0,0,0,0,0,0,0,0,0,0,0
19421338,0,0,0,1,0,0,0,0,0,0,0,0,0,0,0
19421895,0,0,1,0,0,0,0,0,1,1,0,0,0,0,0
19437706,0,0,1,1,0,0,0,0,0,1,0,0,0,0,0
19470483,1,0,0,0,0,0,0,0,0,1,0,0,0,0,0
19517409,1,0,0,0,0,1,0,1,0,0,0,0,0,0,0
19533819,0,0,1,0,0,0,0,1,0,0,0,0,1,0,0
19582024,0,0,0,0,0,0,0,0,0,1,0,0,0,0,0
19598321,0,0,1,0,0,0,0,0,0,0,0,0,0,0,0
19651475,0,0,0,0,1,0,0,0,0,0,1,0,1,0,0
19653793,1,0,1,0,0,1,0,1,1,1,1,0,0,0,0
19661312,1,0,0,0,0,0,0,0,1,1,0,0,0,0,0
19662004,0,0,0,0,1,0,0,0,0,1,0,0,0,0,0
19686907,0,0,0,1,0,0,0,1,1,0,0,0,0,0,0
19696501,0,0,0,0,0,0,0,0,0,0,1,0,0,0,0
19701571,0,0,0,0,0,1,0,0,0,1,0,0,0,0,0
19706137,0,0,0,0,0,0,0,0,0,1,0,0,0,0,0
19752721,0,0,0,0,0,0,0,0,1,0,0,0,0,0,0
19767231,0,0,0,0,1,0,0,0,0,0,0,0,0,0,0
19793128,0,0,0,0,0,1,0,0,0,0,0,0,0,0,0
19804488,0,0,0,0,0,0,0,0,0,1,0,0,0,0,0
19818376,0,1,0,1,1,0,0,0,0,0,0,0,0,0,0
19824473,1,0,0,0,0,0,0,0,0,1,0,0,0,0,1
19831483,0,0,1,1,0,0,0,0,0,0,0,0,0,0,0
19841743,0,0,1,0,0,0,0,0,1,0,0,0,0,0,0
19843126,0,0,0,0,0,0,0,1,0,1,1,0,0,0,0
19850030,0,1,0,0,0,0,0,0,0,1,0,0,0,0,0
19866223,0,0,0,0,0,1,0,0,0,0,0,0,0,0,1
19874580,0,0,1,0,0,0,0,1,0,0,0,0,0,0,0
19906400,0,0,0,0,0,0,0,0,0,0,0,0,0,0,0
19917295,0,0,0,0,0,0,0,1,1,1,0,0,0,0,0
19925630,0,0,1,0,0,1,0,1,0,1,0,0,0,0,0
19939160,0,0,0,0,0,1,0,0,0,0,1,0,0,0,0
19951535,0,0,1,0,0,0,0,0,0,0,0,0,0,0,0
19970856,0,0,0,0,0,0,0,0,0,0,0,0,0,0,1
20015570,0,0,1,0,0,0,0,0,1,0,0,0,0,0,0
20020060,0,0,1,0,0,0,0,0,0,0,0,0,0,0,1
20024809,0,0,0,0,0,0,1,1,0,0,1,0,0,0,0
20048510,0,0,0,0,0,0,0,0,1,0,0,0,0,0,0
20081399,0,0,0,1,0,0,0,0,0,0,0,0,0,0,0
20089553,0,0,1,0,0,0,0,0,0,0,0,0,0,0,0
20094195,0,0,0,0,0,0,0,0,0,1,0,0,0,0,0
20101116,0,0,1,1,0,0,0,0,1,0,0,0,0,0,0
20114613,1,0,0,0,0,0,0,1,0,0,1,0,0,0,0
20124884,0,0,0,0,0,0,0,1,0,0,1,0,0,0,0
20154484,0,0,1,0,0,0,0,1,0,0,1,0,0,0,0
20183025,0,1,0,1,0,0,0,0,0,0,0,0,0,0,0
20183822,0,0,1,0,0,0,0,0,0,1,0,0,0,0,1
20216761,0,0,1,0,0,0,0,1,1,0,0,0,0,0,0
20240878,0,0,1,1,0,0,0,0,0,0,1,0,0,0,0
20270590,0,0,0,0,0,1,0,0,0,0,0,0,0,0,0
20323085,0,0,1,0,0,0,0,0,1,0,1,0,0,0,0
20397172,0,0,0,0,0,0,0,1,0,1,0,0,0,0,0
20411572,0,0,0,0,1,0,0,0,0,0,0,0,0,0,0
20422898,1,0,0,0,0,0,1,0,0,1,0,0,0,0,0
20447249,0,0,1,0,0,0,0,0,0,0,1,0,0,0,0
20478407,0,0,0,0,0,0,0,0,0,1,1,0,0,1,0
20491602,0,0,1,0,0,0,0,0,1,1,0,0,0,0,0
20522383,1,0,0,0,0,0,0,0,0,1,0,0,0,0,0
20553131,0,0,0,0,0,1,0,0,0,0,0,0,0,0,0
20559541,0,0,0,1,0,0,0,1,0,0,0,0,0,0,0
20559560,0,0,1,0,0,1,0,0,1,0,1,0,0,0,0
20578639,0,1,0,1,0,0,0,1,0,0,0,0,0,0,0
20582708,0,0,0,0,0,0,0,0,1,0,1,0,0,0,1
20605956,0,0,1,0,0,0,0,0,0,1,0,0,0,0,0
20606091,0,0,0,0,1,0,0,0,0,0,0,0,0,0,0
20613236,0,0,0,0,1,0,0,0,0,0,0,0,0,0,0
20714698,0,0,1,0,0,0,0,0,0,0,1,0,0,0,0
20715097,0,1,0,1,0,1,0,0,1,0,1,0,0,0,1
20742992,0,0,0,0,1,0,0,1,1,1,1,0,0,0,0
20748142,0,0,0,1,0,0,0,0,0,0,0,0,0,0,0
20803332,0,0,0,0,0,1,0,0,0,0,1,0,0,0,0
20817104,0,0,0,0,0,1,0,0,0,0,0,0,0,0,0
20819210,0,0,0,0,0,0,0,0,0,1,0,0,0,1,0
20825648,0,0,1,1,0,0,0,0,0,1,0,0,0,0,0
20826125,0,0,0,0,1,0,0,0,0,0,0,0,0,0,0
20843455,0,0,0,0,0,0,0,0,0,0,1,0,0,0,0
20845055,0,0,0,0,1,1,0,0,0,0,0,0,0,0,0
20853611,0,0,0,0,0,0,0,0,1,0,0,0,0,0,0
20867028,0,0,0,1,0,0,0,0,1,0,0,0,0,0,0
20879470,0,0,1,0,0,0,0,1,0,0,0,0,0,0,1
20882044,1,0,0,0,0,1,0,0,1,1,0,0,0,0,0
20891629,0,0,0,1,0,0,0,0,0,0,0,0,0,0,0
20901734,0,1,0,0,0,0,0,0,0,0,0,0,0,0,0
20924283,0,0,0,0,1,0,0,0,0,0,0,0,0,0,0
20970816,0,0,1,1,0,0,0,0,1,0,0,0,0,0,0
20977560,0,0,0,0,1,0,0,0,1,0,1,0,0,0,0
20986113,0,0,0,0,1,0,0,0,0,0,0,0,0,0,0
20994792,0,0,1,1,0,0,0,0,1,0,0,0,0,0,0
21003129,0,1,0,0,0,0,0,1,0,0,0,0,0,0,0
21003804,1,0,0,0,0,0,0,0,0,1,0,0,0,0,0
21032268,0,0,0,0,0,0,0,0,1,0,0,0,0,0,0
21034313,0,0,0,0,1,0,0,0,0,0,1,0,0,0,0
21042588,0,0,1,0,0,1,0,0,1,0,0,0,0,0,0
21043695,0,0,0,0,1,0,0,0,0,0,1,0,1,0,0
21051047,0,0,1,0,0,0,0,0,0,0,0,0,0,0,1
21052224,1,0,0,0,0,0,0,0,1,1,0,0,0,0,1
21065441,0,0,0,1,0,0,0,0,1,0,0,1,0,0,0
21074824,0,0,0,0,1,1,0,0,0,1,0,0,0,0,0
21084487,0,0,0,0,0,0,0,0,1,0,1,0,0,0,0
21088362,1,0,1,0,0,0,0,0,0,1,0,0,0,0,0
21095949,0,0,0,0,0,0,0,0,1,0,0,0,0,0,0
21107761,0,0,0,0,0,0,0,0,1,0,0,1,0,0,0
21123066,0,0,1,0,0,0,0,1,1,0,0,0,0,0,0
21126481,1,0,0,0,0,0,0,0,1,1,0,0,0,0,1
21133185,0,0,1,0,0,0,0,0,1,0,0,0,0,0,0
21186229,0,0,1,0,0,1,0,0,0,0,1,0,0,0,0
21186388,1,0,0,0,0,0,0,0,1,0,0,0,0,0,1
21211011,0,0,0,0,0,1,0,0,0,0,0,0,0,0,0
