bike_facility_nearest,nearest_segment_dist_m,nearest_segment_highway,road_density_km_100m,n_ways_100m,osm_n_features,bike_facility_50m,bike_facility_100m,bike_facility_200m,Crash_ID,osm_extraction_date,osm_tile,osm_error
0,0.13,secondary,1.4604,29,76,1,1,1,18084267,2026-09-14,151_-489,
0,1.84,residential,0.4541,4,9,0,0,0,18123439,2026-09-14,137_-497,
0,1.55,secondary,0.8529,12,52,0,0,1,18258555,2026-09-14,151_-489,
1,0.16,primary,0.8062,14,45,1,1,1,18286020,2026-09-14,151_-489,
0,2.82,primary,1.895,33,80,0,0,0,18299940,2026-09-14,151_-489,
0,1.51,primary,1.9762,32,71,0,0,0,18313764,2026-09-14,158_-486,
0,2.58,residential,0.677,7,27,1,1,1,18314365,2026-09-14,164_-484,
0,2.16,primary_link,1.9704,59,136,0,0,0,18320652,2026-09-14,149_-477,
0,1.03,tertiary,0.6881,9,16,0,0,0,18369868,2026-09-14,148_-493,
0,2.01,residential,1.0099,15,54,1,1,1,18373106,2026-09-14,151_-489,
0,1.72,tertiary,1.1897,26,68,0,1,1,18385472,2026-09-14,149_-477,
0,0.51,secondary,0.9443,22,35,0,0,0,18391216,2026-09-14,151_-489,
1,0.04,primary,0.6833,11,46,1,1,1,18391833,2026-09-14,151_-489,
1,1.31,secondary,0.8964,13,59,1,1,1,18409305,2026-09-14,151_-489,
0,0.08,service,1.1297,28,82,1,1,1,18431591,2026-09-14,151_-489,
0,3.01,tertiary,1.7937,40,79,0,0,1,18445363,2026-09-14,168_-509,
0,1.47,secondary,1.25,26,58,0,0,0,18450191,2026-09-14,164_-485,
0,0.42,residential,0.7421,8,21,0,0,0,18546608,2026-09-14,160_-512,
0,0.72,residential,0.824,7,49,0,0,1,18567504,2026-09-14,151_-489,
0,1.52,secondary,1.58,38,53,0,0,0,18596396,2026-09-14,149_-477,
0,1.55,secondary,1.3104,23,63,0,0,1,18614327,2026-09-14,151_-489,
0,1.34,residential,0.5627,5,7,0,0,0,18625016,2026-09-14,147_-492,
0,7.86,motorway,1.4241,20,51,0,0,1,18641849,2026-09-14,151_-489,
0,0.95,primary,0.3866,3,27,0,0,0,18660262,2026-09-14,164_-486,
1,1.14,primary,1.6232,16,53,1,1,1,18706178,2026-09-14,147_-492,
0,0.86,residential,0.7977,9,25,0,0,0,18756943,2026-09-14,159_-512,
0,0.28,secondary,1.2461,25,50,0,1,1,18764612,2026-09-14,149_-477,
0,1.52,service,0.8362,16,30,1,1,1,18794429,2026-09-14,163_-487,
0,0.04,secondary,1.2526,26,79,1,1,1,18805222,2026-09-14,149_-477,
0,1.62,tertiary,0.5695,10,27,1,1,1,18806351,2026-09-14,151_-489,
0,1.65,primary,0.626,15,65,1,1,1,18818841,2026-09-14,151_-489,
0,6.48,primary,1.4604,30,67,0,0,0,18867093,2026-09-14,149_-478,
1,0.09,tertiary,0.9163,27,57,1,1,1,18881223,2026-09-14,151_-489,
0,6.32,residential,1.1285,22,55,0,0,1,18906035,2026-09-14,151_-489,
0,2.8,secondary,0.6939,23,89,1,1,1,18915979,2026-09-14,151_-489,
0,4.03,residential,1.4588,34,72,0,0,0,18923620,2026-09-14,164_-483,
0,0.4,tertiary,0.8274,10,17,0,0,0,18925961,2026-09-14,139_-487,
0,2.8,residential,0.4968,14,27,1,1,1,18941232,2026-09-14,150_-471,
0,8.74,motorway,2.0127,23,59,0,0,0,18951170,2026-09-14,147_-493,
0,3.05,motorway,2.0416,33,49,0,0,0,18965473,2026-09-14,148_-477,
0,3.79,tertiary,1.9779,42,73,0,0,0,18967267,2026-09-14,148_-492,
0,2.24,residential,0.4187,4,10,0,0,1,18985335,2026-09-14,132_-491,
0,1.81,service,1.0762,17,60,0,0,1,18992871,2026-09-14,147_-492,
0,2.99,secondary,0.971,13,23,0,0,0,18993054,2026-09-14,150_-471,
0,7.86,secondary,1.6977,25,83,0,0,0,18995056,2026-09-14,159_-532,
0,2.07,tertiary,1.6201,27,57,0,0,0,19003825,2026-09-14,165_-485,
0,0.48,tertiary,0.5219,5,21,1,1,1,19010130,2026-09-14,151_-477,
0,2.85,tertiary,0.8914,8,10,0,0,0,19011663,2026-09-14,164_-484,
0,0.22,residential,0.9159,9,54,0,1,1,19015926,2026-09-14,149_-477,
0,1.3,primary,1.0689,21,41,0,0,0,19028413,2026-09-14,165_-485,
1,1.0,secondary,0.8905,11,24,1,1,1,19030755,2026-09-14,168_-509,
0,0.63,residential,0.3997,2,12,0,0,0,19038674,2026-09-14,150_-496,
0,0.46,tertiary,0.3996,4,75,0,1,1,19041843,2026-09-14,149_-477,
0,1.41,secondary,1.5189,30,77,0,0,0,19043371,2026-09-14,164_-484,
0,0.44,residential,0.4383,7,60,1,1,1,19044104,2026-09-14,151_-489,
0,1.32,residential,0.25,3,12,0,0,0,19052739,2026-09-14,148_-492,
0,0.28,tertiary,1.4516,27,46,0,0,0,19055507,2026-09-14,165_-483,
0,5.28,secondary,0.6392,5,11,0,0,0,19058199,2026-09-14,158_-486,
0,0.02,secondary,1.36,19,71,0,0,1,19063162,2026-09-14,149_-477,
0,3.25,residential,0.7093,8,31,1,1,1,19086156,2026-09-14,165_-485,
0,0.62,residential,1.0086,17,51,1,1,1,19090003,2026-09-14,151_-489,
0,2.02,unclassified,1.1388,13,31,0,0,0,19108452,2026-09-14,168_-509,
0,0.92,residential,0.6875,7,15,0,0,0,19111788,2026-09-14,148_-477,
1,0.12,primary,0.8495,19,44,1,1,1,19111838,2026-09-14,151_-489,
0,0.06,secondary,1.305,28,77,0,0,0,19121524,2026-09-14,147_-492,
0,0.62,unclassified,0.9134,18,55,0,1,1,19126204,2026-09-14,148_-493,
0,1.48,residential,0.6355,6,34,0,0,1,19127244,2026-09-14,132_-491,
0,1.78,secondary,0.8759,14,48,0,0,0,19131543,2026-09-14,164_-485,
0,0.63,residential,0.4129,5,20,0,0,1,19133592,2026-09-14,163_-487,
0,2.86,residential,0.7357,10,38,0,0,0,19142204,2026-09-14,151_-489,
0,0.66,tertiary,1.0978,18,49,1,1,1,19148829,2026-09-14,165_-484,
0,0.44,residential,0.4383,7,60,1,1,1,19159800,2026-09-14,151_-489,
0,9.22,motorway,1.278,24,53,1,1,1,19159849,2026-09-14,151_-489,
0,0.11,residential,0.7365,13,50,0,0,1,19159931,2026-09-14,151_-489,
0,0.37,primary,0.462,6,11,0,0,0,19180118,2026-09-14,152_-477,
0,7.3,trunk,0.8833,9,24,0,0,0,19183894,2026-09-14,155_-489,
1,1.27,tertiary,0.6662,13,33,1,1,1,19185174,2026-09-14,153_-482,
0,1.07,tertiary,0.8174,10,28,0,0,0,19186525,2026-09-14,151_-489,
1,1.12,secondary,1.5154,26,55,1,1,1,19186739,2026-09-14,151_-489,
0,0.02,secondary,1.2287,18,36,0,0,0,19189676,2026-09-14,163_-487,
0,4.06,service,0.6609,5,54,1,1,1,19195336,2026-09-14,151_-489,
0,1.31,tertiary,0.7372,8,22,0,0,0,19196622,2026-09-14,149_-478,
0,1.08,tertiary,0.5658,6,12,0,0,0,19218694,2026-09-14,160_-532,
0,3.13,residential,0.5865,6,12,0,0,0,19219749,2026-09-14,166_-484,
0,0.63,primary,1.6854,46,104,0,0,0,19251585,2026-09-14,147_-492,
0,0.93,residential,0.8839,20,34,0,0,0,19254440,2026-09-14,149_-477,
0,1.58,tertiary,1.0519,17,75,0,0,1,19254711,2026-09-14,149_-477,
0,0.57,secondary,1.1548,30,61,0,0,0,19270000,2026-09-14,165_-486,
0,1.04,residential,0.8894,16,48,1,1,1,19272573,2026-09-14,151_-489,
0,1.09,residential,0.4638,7,24,0,0,0,19272749,2026-09-14,149_-479,
0,0.51,primary,0.63,20,56,0,0,1,19274295,2026-09-14,147_-492,
0,0.56,primary,1.2363,17,49,0,0,0,19286469,2026-09-14,139_-487,
1,5.76,secondary,0.8687,18,54,1,1,1,19313514,2026-09-14,153_-482,
0,3.12,primary,1.5766,29,58,0,0,0,19322713,2026-09-14,148_-478,
0,2.34,residential,0.4808,4,7,0,0,0,19336857,2026-09-14,165_-482,
0,6.14,primary,1.6388,31,71,0,0,0,19342070,2026-09-14,166_-486,
0,1.19,residential,0.5701,6,14,1,1,1,19356628,2026-09-14,166_-484,
0,0.72,residential,0.9628,41,110,0,0,0,19357329,2026-09-14,149_-474,
0,4.38,motorway,1.384,15,52,0,0,0,19358885,2026-09-14,150_-470,
0,0.18,secondary,1.1873,20,73,1,1,1,19361623,2026-09-14,151_-489,
0,0.36,secondary,0.4491,10,46,0,0,0,19365016,2026-09-14,149_-477,
1,0.57,secondary,0.6205,19,44,1,1,1,19370199,2026-09-14,149_-477,
0,0.72,residential,1.0393,18,53,1,1,1,19382500,2026-09-14,149_-478,
0,2.74,residential,0.6831,6,15,0,0,0,19389140,2026-09-14,159_-531,
0,1.42,residential,0.4221,3,13,0,0,0,19400069,2026-09-14,166_-485,
0,5.13,secondary,0.7945,11,21,0,0,1,19402680,2026-09-14,164_-486,
0,0.2,primary,0.8288,11,34,0,0,0,19405353,2026-09-14,148_-476,
0,0.73,residential,0.8183,11,20,0,0,0,19408210,2026-09-14,147_-492,
0,0.29,secondary,0.9196,26,67,1,1,1,19420746,2026-09-14,149_-477,
0,1.22,residential,0.3996,2,3,0,0,0,19421338,2026-09-14,150_-470,
0,4.05,primary,0.8931,12,47,1,1,1,19421895,2026-09-14,149_-490,
0,1.99,residential,0.3996,2,10,0,0,0,19423704,2026-09-14,151_-471,
0,0.58,residential,0.7728,14,51,0,0,0,19430118,2026-09-14,158_-486,
0,2.53,secondary,1.7853,24,61,0,0,0,19430549,2026-09-14,151_-489,
0,0.0,secondary,0.6342,11,31,0,0,0,19437706,2026-09-14,166_-486,
0,0.66,tertiary,0.6528,4,10,1,1,1,19438471,2026-09-14,153_-481,
0,0.6,residential,0.5936,4,11,0,0,0,19460617,2026-09-14,148_-478,
0,1.98,secondary,1.5819,23,53,0,0,0,19467254,2026-09-14,168_-510,
0,1.17,residential,0.4843,4,6,0,0,0,19470483,2026-09-14,130_-488,
0,1.96,secondary,0.6082,12,44,0,0,0,19477001,2026-09-14,147_-492,
0,1.03,secondary,1.1658,15,28,0,0,0,19491838,2026-09-14,164_-481,
0,2.23,residential,0.6431,6,17,0,0,0,19507353,2026-09-14,150_-478,
0,0.41,tertiary,1.2422,24,71,1,1,1,19517409,2026-09-14,147_-492,
0,0.58,tertiary,1.1336,21,47,0,0,0,19526549,2026-09-14,168_-509,
0,1.59,residential,1.086,9,36,0,0,1,19533819,2026-09-14,165_-484,
0,1.14,primary,0.8047,13,21,0,0,0,19537291,2026-09-14,163_-474,
0,4.71,primary,1.5143,34,59,0,0,0,19540181,2026-09-14,149_-477,
0,0.24,tertiary,0.7709,13,44,0,0,0,19541467,2026-09-14,164_-484,
0,0.96,primary,0.3591,3,8,0,0,0,19552914,2026-09-14,147_-477,
0,0.01,residential,0.613,7,16,0,0,0,19559491,2026-09-14,164_-484,
0,0.02,secondary,0.8378,15,27,0,0,0,19563636,2026-09-14,147_-492,
0,2.32,secondary,0.6943,9,18,0,0,0,19582024,2026-09-14,167_-509,
0,0.91,service,0.6719,11,26,1,1,1,19595833,2026-09-14,165_-485,
0,2.3,residential,0.721,6,15,0,0,0,19604789,2026-09-14,164_-484,
0,0.44,residential,0.4383,7,60,1,1,1,19619530,2026-09-14,151_-489,
0,0.09,tertiary,0.4161,9,52,0,1,1,19627016,2026-09-14,149_-477,
0,0.67,secondary,0.9301,9,30,0,1,1,19629633,2026-09-14,165_-484,
0,0.86,residential,0.4669,6,17,0,0,1,19633539,2026-09-14,149_-477,
0,1.51,secondary,1.3132,24,62,1,1,1,19638154,2026-09-14,165_-483,
0,3.5,secondary,0.8034,22,42,0,0,0,19653793,2026-09-14,152_-488,
0,1.08,residential,0.4437,3,8,0,0,0,19660941,2026-09-14,166_-485,
0,7.77,motorway,1.07,19,47,0,0,0,19661312,2026-09-14,162_-499,
0,0.6,residential,0.8191,14,57,0,0,1,19662004,2026-09-14,151_-489,
0,1.6,tertiary,1.3941,26,51,0,0,0,19663095,2026-09-14,146_-474,
0,0.22,secondary,1.2904,29,54,1,1,1,19683418,2026-09-14,149_-477,
0,1.04,residential,0.6224,7,14,0,0,0,19686907,2026-09-14,159_-532,
0,1.69,secondary,1.5816,35,82,0,0,0,19691273,2026-09-14,164_-484,
0,9.92,service,0.6323,17,52,0,0,0,19696501,2026-09-14,149_-478,
1,0.93,primary,0.9889,20,45,1,1,1,19701571,2026-09-14,152_-489,
0,0.72,secondary,1.2319,28,79,0,0,1,19706137,2026-09-14,164_-484,
0,1.85,primary,0.3311,4,26,0,0,0,19709866,2026-09-14,159_-512,
0,0.09,tertiary,0.9466,18,61,0,0,0,19714635,2026-09-14,151_-478,
1,1.59,tertiary,0.5201,6,19,1,1,1,19717875,2026-09-14,164_-487,
0,0.23,tertiary,0.844,15,65,1,1,1,19724045,2026-09-14,149_-477,
0,2.01,primary,0.6982,8,31,0,0,0,19738411,2026-09-14,151_-489,
0,3.71,secondary,1.4598,21,50,0,0,0,19752721,2026-09-14,168_-509,
0,9.2,motorway,1.6359,28,73,0,0,0,19764578,2026-09-14,148_-492,
0,0.49,residential,1.0365,18,42,0,0,1,19767231,2026-09-14,158_-486,
0,0.7,secondary,0.6872,9,19,0,0,0,19804488,2026-09-14,153_-488,
0,0.28,residential,1.0574,20,68,0,0,0,19804617,2026-09-14,163_-484,
0,1.49,primary,1.3324,33,79,0,0,1,19818376,2026-09-14,149_-477,
0,0.34,primary,0.362,8,22,0,0,0,19819680,2026-09-14,148_-493,
0,2.55,secondary,0.6218,9,17,0,0,0,19824473,2026-09-14,164_-486,
0,0.1,residential,0.7352,5,20,0,0,0,19829368,2026-09-14,168_-509,
0,0.09,secondary,0.21,2,8,0,0,0,19831483,2026-09-14,168_-509,
0,0.26,secondary,0.6492,10,39,0,0,0,19832336,2026-09-14,148_-493,
0,1.0,primary,1.0821,15,52,1,1,1,19838154,2026-09-14,151_-489,
0,0.49,secondary,1.0787,20,47,0,0,0,19843126,2026-09-14,149_-478,
0,0.45,secondary,0.5933,7,18,0,0,0,19846755,2026-09-14,148_-475,
0,0.71,primary,0.9253,15,40,0,0,0,19850030,2026-09-14,154_-478,
0,1.3,service,0.8958,16,48,0,0,0,19852246,2026-09-14,163_-477,
0,0.25,residential,0.7438,9,22,0,0,1,19862768,2026-09-14,147_-492,
0,0.43,primary,0.3984,8,52,0,0,0,19866223,2026-09-14,147_-492,
1,1.31,unclassified,0.838,14,25,1,1,1,19894547,2026-09-14,168_-509,
0,0.13,secondary,0.6407,11,22,1,1,1,19906400,2026-09-14,152_-488,
0,6.9,secondary,1.1157,17,46,0,0,1,19925630,2026-09-14,165_-483,
1,0.15,tertiary,1.2399,26,87,1,1,1,19929608,2026-09-14,147_-492,
0,1.3,secondary,1.5637,25,47,0,0,0,19936064,2026-09-14,148_-492,
0,0.49,secondary,1.4992,26,66,0,1,1,19939160,2026-09-14,147_-492,
0,1.01,residential,1.0729,38,96,0,0,0,19965049,2026-09-14,149_-477,
0,1.28,residential,0.882,17,55,0,0,0,19970856,2026-09-14,147_-493,
0,0.65,tertiary,0.7508,8,36,1,1,1,20000350,2026-09-14,146_-474,
0,0.62,secondary,0.8369,10,34,0,0,0,20003726,2026-09-14,147_-476,
1,0.19,primary,0.7916,14,47,1,1,1,20010107,2026-09-14,151_-489,
0,2.82,motorway,1.1188,8,21,0,0,0,20015570,2026-09-14,149_-478,
0,1.38,primary,1.5158,27,72,0,0,0,20020060,2026-09-14,147_-492,
1,0.7,tertiary,0.8824,16,36,1,1,1,20021369,2026-09-14,151_-489,
0,1.79,unclassified,1.4304,30,60,0,0,0,20022518,2026-09-14,153_-482,
1,0.6,tertiary,0.264,8,48,1,1,1,20023141,2026-09-14,149_-477,
0,0.29,unclassified,1.1273,22,45,0,1,1,20024809,2026-09-14,149_-490,
0,2.73,residential,1.5623,34,70,1,1,1,20032187,2026-09-14,147_-493,
0,1.65,primary,0.6261,15,65,1,1,1,20047472,2026-09-14,151_-489,
0,2.66,secondary,1.4081,29,75,1,1,1,20048510,2026-09-14,166_-484,
0,1.83,service,1.0822,20,35,0,0,0,20080870,2026-09-14,150_-476,
0,5.21,residential,0.3967,5,27,0,0,0,20081399,2026-09-14,148_-477,
0,1.95,residential,0.887,13,55,1,1,1,20083053,2026-09-14,151_-489,
0,1.63,tertiary,0.7988,8,22,0,0,0,20084491,2026-09-14,164_-483,
0,1.79,residential,2.0315,42,77,0,0,0,20089553,2026-09-14,162_-499,
0,0.77,residential,0.9955,13,37,1,1,1,20094195,2026-09-14,151_-489,
0,0.12,tertiary,0.5054,6,17,0,0,0,20099777,2026-09-14,148_-492,
1,1.87,unclassified,1.0322,19,59,1,1,1,20101116,2026-09-14,153_-482,
0,1.63,residential,0.8891,6,12,0,0,0,20103657,2026-09-14,164_-484,
0,2.77,secondary_link,2.1972,37,116,0,0,0,20112813,2026-09-14,149_-477,
0,0.81,residential,0.8231,15,61,0,0,0,20114613,2026-09-14,147_-492,
0,0.72,tertiary,1.0289,22,85,1,1,1,20121378,2026-09-14,149_-477,
0,0.75,unclassified,1.4601,14,41,0,0,1,20124884,2026-09-14,168_-509,
0,2.19,unclassified,0.7803,10,28,0,0,0,20140364,2026-09-14,166_-484,
0,1.57,tertiary,0.5732,6,8,0,0,0,20154484,2026-09-14,154_-496,
0,0.35,residential,0.9603,15,34,0,0,1,20161216,2026-09-14,165_-484,
0,0.95,secondary,0.8019,8,14,0,0,0,20183025,2026-09-14,148_-479,
0,0.63,residential,1.2075,23,63,0,0,1,20183822,2026-09-14,147_-492,
0,1.84,residential,0.8352,13,19,0,0,0,20202393,2026-09-14,152_-488,
0,1.04,unclassified,0.5212,12,32,0,0,0,20207046,2026-09-14,151_-489,
1,1.65,secondary,0.8574,7,26,1,1,1,20216761,2026-09-14,152_-489,
0,6.67,secondary_link,1.1908,24,43,0,0,1,20231519,2026-09-14,147_-492,
0,0.08,residential,0.5086,5,19,0,0,0,20247194,2026-09-14,168_-512,
0,0.24,primary,0.8158,19,30,0,0,0,20248203,2026-09-14,148_-476,
0,0.58,tertiary,0.7531,13,16,0,0,0,20250526,2026-09-14,147_-478,
0,1.93,secondary,1.1903,24,60,0,0,0,20255177,2026-09-14,150_-478,
0,0.31,residential,0.1998,1,17,0,0,0,20263828,2026-09-14,151_-489,
0,3.34,primary,0.3661,6,32,0,0,1,20268199,2026-09-14,146_-474,
0,2.33,residential,0.5249,5,42,0,1,1,20278396,2026-09-14,149_-477,
0,1.52,secondary,1.7443,41,87,0,0,0,20280232,2026-09-14,149_-478,
0,1.56,tertiary,1.3755,22,68,0,0,0,20280929,2026-09-14,148_-479,
0,18.83,primary,0.9449,20,61,1,1,1,20282612,2026-09-14,149_-477,
0,1.52,tertiary,0.8215,7,31,0,0,0,20283477,2026-09-14,159_-532,
0,8.46,motorway,1.1688,14,23,0,0,0,20301756,2026-09-14,151_-471,
0,1.22,residential,0.2926,2,5,0,0,0,20301900,2026-09-14,165_-488,
0,6.87,primary,1.4805,32,74,0,0,1,20302188,2026-09-14,151_-489,
0,3.04,secondary,1.9434,38,83,0,0,0,20304849,2026-09-14,164_-484,
0,0.4,primary,0.1998,1,4,0,0,0,20305777,2026-09-14,149_-473,
0,10.03,primary,1.3241,14,44,0,0,0,20323085,2026-09-14,146_-474,
0,8.19,motorway,1.0648,19,90,0,0,0,20323121,2026-09-14,165_-485,
0,1.83,secondary,0.9928,12,35,0,0,0,20327993,2026-09-14,168_-510,
0,0.14,tertiary,0.625,9,20,0,0,0,20336171,2026-09-14,147_-492,
0,3.54,residential,0.5202,4,9,0,0,0,20344537,2026-09-14,166_-473,
1,0.48,tertiary,0.5932,7,24,1,1,1,20364240,2026-09-14,147_-492,
0,1.62,secondary,1.919,36,114,0,0,0,20368192,2026-09-14,159_-533,
0,1.5,residential,0.4123,3,10,0,0,0,20378330,2026-09-14,151_-490,
0,1.36,residential,0.5429,5,33,0,0,1,20384101,2026-09-14,149_-477,
0,0.42,tertiary,0.5036,10,61,0,1,1,20385074,2026-09-14,149_-477,
0,0.73,unclassified,0.6289,12,38,1,1,1,20397172,2026-09-14,151_-489,
0,2.28,secondary,1.4469,25,55,0,0,0,20397823,2026-09-14,132_-491,
0,0.41,residential,0.3163,4,9,0,0,0,20403304,2026-09-14,151_-478,
0,0.96,secondary,0.4846,7,57,1,1,1,20406549,2026-09-14,151_-489,
0,0.22,secondary,1.4494,40,134,1,1,1,20411572,2026-09-14,164_-484,
0,0.65,primary,0.707,24,49,0,0,0,20422898,2026-09-14,147_-492,
1,5.93,secondary,0.8712,18,54,1,1,1,20430323,2026-09-14,153_-482,
0,2.63,tertiary,0.8996,22,57,1,1,1,20430425,2026-09-14,151_-489,
0,1.14,unclassified,0.6362,12,39,1,1,1,20434392,2026-09-14,153_-482,
0,0.43,secondary,2.2072,36,94,0,0,0,20434406,2026-09-14,152_-489,
0,1.92,residential,1.0,8,16,0,0,0,20447519,2026-09-14,165_-484,
0,5.79,primary,0.8353,15,61,1,1,1,20461799,2026-09-14,153_-482,
0,0.42,primary,0.9464,19,42,1,1,1,20468976,2026-09-14,151_-489,
0,0.73,secondary,0.7272,6,15,0,0,0,20476165,2026-09-14,164_-484,
0,1.92,secondary,1.5334,25,59,1,1,1,20477394,2026-09-14,148_-479,
0,1.58,primary,1.1066,15,30,0,0,0,20478407,2026-09-14,148_-476,
0,0.64,secondary,0.9996,13,20,0,0,0,20480266,2026-09-14,147_-492,
0,0.59,primary,0.4689,5,15,0,0,0,20482673,2026-09-14,144_-502,
1,1.69,tertiary,0.969,10,33,1,1,1,20485089,2026-09-14,164_-487,
1,0.7,tertiary,1.2131,20,27,1,1,1,20488017,2026-09-14,148_-492,
0,0.22,secondary,1.1179,22,55,0,0,0,20488368,2026-09-14,151_-489,
0,1.18,primary,0.9136,19,38,0,0,0,20489141,2026-09-14,149_-477,
0,10.72,motorway,1.1642,13,24,0,0,0,20491602,2026-09-14,148_-491,
0,0.22,secondary,1.3588,43,98,1,1,1,20493115,2026-09-14,166_-483,
0,3.77,secondary,1.8728,40,137,0,0,0,20501375,2026-09-14,147_-493,
1,0.27,primary,1.0742,18,43,1,1,1,20501710,2026-09-14,152_-489,
0,0.01,secondary,0.9458,21,37,1,1,1,20512902,2026-09-14,164_-483,
0,0.63,secondary,1.2544,28,80,0,0,1,20520178,2026-09-14,164_-484,
0,0.31,tertiary,0.3864,5,12,0,0,0,20522383,2026-09-14,150_-476,
0,1.01,secondary,2.3641,55,152,0,0,1,20538124,2026-09-14,149_-477,
0,0.71,tertiary,1.0595,14,58,0,0,0,20538618,2026-09-14,147_-492,
0,10.54,motorway,1.0778,15,24,0,0,0,20553131,2026-09-14,147_-492,
0,5.64,motorway,1.8866,20,61,0,1,1,20553888,2026-09-14,151_-489,
0,0.36,tertiary,0.7034,10,14,0,0,0,20559541,2026-09-14,166_-483,
1,0.15,primary,0.983,19,57,1,1,1,20559900,2026-09-14,151_-489,
0,3.94,residential,0.6532,8,47,0,0,0,20568597,2026-09-14,157_-502,
0,0.39,residential,0.7378,8,33,0,0,1,20574462,2026-09-14,149_-477,
0,1.53,tertiary,0.5583,5,16,1,1,1,20578639,2026-09-14,166_-486,
0,1.46,tertiary,0.5668,3,17,1,1,1,20578714,2026-09-14,151_-478,
0,0.51,secondary,1.2805,19,51,1,1,1,20579424,2026-09-14,138_-487,
0,1.1,secondary,1.4818,18,31,0,0,0,20580720,2026-09-14,152_-490,
1,0.45,tertiary,1.26,15,41,1,1,1,20580870,2026-09-14,165_-484,
0,1.01,residential,0.6661,5,13,0,1,1,20582376,2026-09-14,166_-485,
0,4.62,secondary,1.3762,25,102,1,1,1,20582708,2026-09-14,165_-485,
0,0.61,secondary,0.5642,4,15,0,0,0,20583145,2026-09-14,138_-489,
0,1.75,secondary,0.8843,13,35,0,0,1,20586599,2026-09-14,149_-477,
0,0.72,trunk,0.8392,9,17,0,0,0,20589104,2026-09-14,169_-483,
0,0.87,residential,0.8461,13,53,1,1,1,20605956,2026-09-14,151_-489,
0,0.53,tertiary,0.6796,6,18,0,0,0,20606091,2026-09-14,166_-484,
0,3.63,primary_link,1.2698,15,29,0,0,0,20608805,2026-09-14,159_-512,
0,0.08,residential,0.6454,9,39,1,1,1,20612065,2026-09-14,149_-477,
0,1.86,primary,1.3882,30,84,0,0,0,20612331,2026-09-14,166_-486,
0,0.62,primary,0.6436,10,24,0,0,0,20613236,2026-09-14,163_-486,
0,0.32,tertiary,0.3624,3,8,0,0,0,20620121,2026-09-14,156_-490,
0,2.52,secondary,1.5636,31,65,0,0,0,20633867,2026-09-14,150_-477,
0,0.62,residential,1.1017,18,37,1,1,1,20642185,2026-09-14,153_-482,
0,5.13,primary,1.2184,19,41,0,0,0,20643678,2026-09-14,147_-494,
0,0.34,secondary,1.3125,25,86,0,0,1,20650631,2026-09-14,164_-484,
0,0.36,tertiary,0.6251,13,55,0,1,1,20650849,2026-09-14,164_-484,
0,0.65,primary,0.707,24,49,0,0,0,20657977,2026-09-14,147_-492,
0,2.38,secondary,1.5245,32,49,0,0,0,20658124,2026-09-14,164_-484,
0,0.83,primary,1.7152,33,83,0,0,0,20668494,2026-09-14,149_-478,
0,0.29,tertiary,0.6871,13,23,0,0,0,20695518,2026-09-14,150_-479,
0,130.34,tertiary,0.0,0,1,0,0,0,20705537,2026-09-14,149_-478,
0,1.35,primary,1.2725,29,86,0,0,0,20713506,2026-09-14,149_-477,
1,0.62,secondary,0.7551,10,25,1,1,1,20715097,2026-09-14,147_-493,
0,0.11,residential,0.5818,4,11,0,0,0,20716178,2026-09-14,166_-484,
0,1.1,tertiary,1.0151,10,15,0,0,0,20720478,2026-09-14,150_-476,
0,3.45,primary_link,1.0597,14,44,0,0,1,20734482,2026-09-14,159_-532,
0,0.9,secondary,0.9472,9,13,0,0,0,20737162,2026-09-14,152_-490,
0,0.1,trunk,1.1003,24,36,0,0,0,20740047,2026-09-14,166_-485,
1,1.56,unclassified,1.131,34,67,1,1,1,20742992,2026-09-14,153_-482,
0,0.2,service,1.3954,35,63,0,0,0,20748142,2026-09-14,164_-485,
0,0.04,secondary,1.2015,23,46,0,1,1,20750723,2026-09-14,164_-483,
0,1.53,residential,0.8523,10,20,1,1,1,20750767,2026-09-14,152_-488,
0,2.03,tertiary,0.6882,13,63,0,0,0,20753681,2026-09-14,149_-477,
1,1.16,unclassified,0.5092,6,11,1,1,1,20767365,2026-09-14,153_-482,
0,3.09,secondary,0.8367,16,25,0,0,0,20771900,2026-09-14,168_-509,
0,2.99,residential,0.3995,2,9,0,0,0,20773657,2026-09-14,161_-491,
0,4.0,residential,0.5248,4,8,0,0,0,20774954,2026-09-14,162_-483,
0,1.78,primary,0.8758,16,53,1,1,1,20779194,2026-09-14,151_-489,
0,1.26,residential,0.5796,9,30,1,1,1,20781798,2026-09-14,165_-484,
1,1.1,tertiary,0.5429,4,7,1,1,1,20798612,2026-09-14,139_-487,
1,1.7,secondary,0.9586,22,57,1,1,1,20803332,2026-09-14,151_-489,
0,0.12,tertiary,0.6526,7,13,0,0,0,20808181,2026-09-14,153_-484,
0,0.9,service,0.3671,3,4,0,0,0,20811678,2026-09-14,155_-488,
0,0.33,primary,0.5314,5,15,0,0,0,20819210,2026-09-14,167_-483,
0,1.85,secondary,1.0337,19,41,0,0,0,20825648,2026-09-14,164_-484,
0,2.27,primary,1.41,28,61,1,1,1,20826125,2026-09-14,147_-493,
0,2.11,residential,0.3715,4,13,1,1,1,20837983,2026-09-14,164_-487,
0,0.76,residential,1.1645,30,65,0,0,0,20841233,2026-09-14,164_-484,
0,0.25,residential,0.7332,4,10,0,0,0,20843455,2026-09-14,147_-493,
0,1.73,unclassified,0.6427,5,24,0,0,0,20845055,2026-09-14,144_-502,
0,1.07,secondary,1.4965,34,82,0,0,0,20846144,2026-09-14,165_-485,
0,4.05,secondary,1.2549,22,54,0,0,0,20849003,2026-09-14,165_-484,
0,1.16,secondary,1.3951,17,53,1,1,1,20853611,2026-09-14,151_-477,
0,2.87,tertiary,1.0909,14,39,1,1,1,20856931,2026-09-14,166_-484,
0,1.15,secondary,1.7266,27,68,0,0,0,20867028,2026-09-14,149_-477,
1,2.33,tertiary,0.8609,11,35,1,1,1,20871654,2026-09-14,149_-478,
1,3.4,tertiary,0.9967,10,24,1,1,1,20876416,2026-09-14,146_-474,
0,2.64,motorway,1.3478,23,47,0,0,0,20879101,2026-09-14,147_-475,
0,1.8,secondary,1.2909,27,81,1,1,1,20881063,2026-09-14,165_-484,
0,0.95,residential,0.7273,8,12,0,0,0,20882044,2026-09-14,148_-490,
0,0.79,primary,0.6501,7,20,0,0,0,20885064,2026-09-14,147_-492,
0,1.37,trunk,0.3987,3,7,0,0,0,20890854,2026-09-14,151_-494,
0,0.97,residential,0.5647,3,8,0,0,0,20891629,2026-09-14,147_-505,
0,4.06,secondary,1.5237,31,59,0,0,0,20896203,2026-09-14,152_-477,
0,1.15,tertiary,0.8913,9,20,0,0,0,20901734,2026-09-14,152_-490,
0,3.02,tertiary,0.6876,9,19,0,0,0,20902269,2026-09-14,148_-492,
0,0.9,residential,0.6667,6,12,0,0,0,20906237,2026-09-14,164_-487,
0,1.43,secondary,1.8386,47,100,0,0,0,20915930,2026-09-14,150_-477,
0,0.09,residential,0.9346,9,28,0,0,0,20924283,2026-09-14,165_-484,
1,1.18,primary,0.6223,19,52,1,1,1,20930078,2026-09-14,151_-489,
0,0.48,secondary,0.3099,5,12,0,0,0,20933210,2026-09-14,164_-487,
0,1.14,secondary,0.7359,8,14,0,0,0,20946032,2026-09-14,149_-477,
0,2.65,primary,1.468,35,80,0,0,0,20948743,2026-09-14,153_-482,
0,0.42,secondary,0.4958,5,7,0,0,0,20949182,2026-09-14,154_-475,
0,2.39,residential,0.6369,5,11,0,0,0,20949756,2026-09-14,148_-477,
0,0.3,residential,0.8847,9,35,1,1,1,20954008,2026-09-14,146_-474,
0,2.82,secondary,0.31,5,15,0,0,0,20961193,2026-09-14,153_-489,
0,0.09,residential,0.7613,8,12,0,0,0,20969801,2026-09-14,149_-479,
0,4.82,secondary,2.2897,68,128,0,0,0,20974420,2026-09-14,164_-484,
0,0.53,primary,0.7555,15,33,0,0,0,20974558,2026-09-14,147_-475,
0,0.71,primary,1.7208,36,79,1,1,1,20977560,2026-09-14,148_-492,
0,0.18,primary,1.064,21,38,0,0,0,20979006,2026-09-14,148_-477,
0,0.11,unclassified,1.1094,19,57,0,0,0,20980965,2026-09-14,165_-486,
0,0.98,secondary,0.6565,4,12,0,0,0,20986113,2026-09-14,146_-474,
0,1.52,unclassified,0.928,14,44,1,1,1,20992259,2026-09-14,153_-482,
0,3.48,secondary,0.7834,13,25,0,0,0,20994792,2026-09-14,164_-486,
0,0.39,residential,0.4711,5,17,1,1,1,21003129,2026-09-14,153_-482,
0,2.98,residential,0.474,3,12,0,0,0,21003804,2026-09-14,150_-476,
0,0.59,residential,0.4677,3,6,0,0,0,21003933,2026-09-14,166_-483,
0,2.55,primary,0.8503,22,77,0,0,0,21005257,2026-09-14,147_-492,
0,1.08,unclassified,1.0226,21,61,0,0,0,21005381,2026-09-14,149_-477,
0,1.65,unclassified,0.8858,20,45,1,1,1,21006420,2026-09-14,165_-484,
0,0.43,tertiary,0.9524,17,46,0,0,0,21006790,2026-09-14,152_-489,
0,0.28,secondary,0.737,9,15,0,0,0,21008002,2026-09-14,148_-477,
0,0.8,primary,1.4212,20,41,0,0,0,21018349,2026-09-14,156_-489,
0,0.76,residential,0.3675,4,9,0,0,0,21021699,2026-09-14,153_-489,
0,1.31,primary,1.4029,32,94,1,1,1,21022313,2026-09-14,149_-477,
0,0.9,tertiary,0.6914,7,18,0,0,0,21031520,2026-09-14,148_-494,
1,0.24,secondary,0.5892,14,37,1,1,1,21032050,2026-09-14,151_-489,
0,7.04,primary,1.5,32,116,1,1,1,21032268,2026-09-14,165_-485,
0,0.07,secondary,0.5772,19,57,0,0,0,21034313,2026-09-14,164_-484,
0,1.1,tertiary,0.778,10,19,0,0,0,21036638,2026-09-14,148_-478,
0,0.54,secondary,1.3474,31,58,0,0,0,21039602,2026-09-14,148_-478,
0,2.84,residential,0.6847,9,22,0,0,0,21040774,2026-09-14,148_-476,
1,1.12,secondary,0.844,16,74,1,1,1,21043695,2026-09-14,151_-489,
0,1.43,secondary,1.0335,16,30,0,0,0,21047878,2026-09-14,164_-484,
1,0.16,tertiary,2.0864,41,85,1,1,1,21050557,2026-09-14,152_-489,
0,0.53,tertiary,0.5113,7,27,0,0,0,21050706,2026-09-14,148_-479,
0,3.31,residential,0.8727,20,95,0,0,1,21051047,2026-09-14,147_-492,
1,0.53,secondary,1.4482,42,86,1,1,1,21052224,2026-09-14,151_-489,
0,2.87,tertiary,1.101,15,49,0,0,0,21058624,2026-09-14,150_-476,
0,0.63,primary,1.163,25,34,0,0,0,21058632,2026-09-14,148_-476,
0,0.68,residential,0.2945,3,8,0,0,0,21062942,2026-09-14,151_-479,
1,2.03,primary,1.1587,18,57,1,1,1,21065437,2026-09-14,151_-489,
0,1.38,primary,0.6755,18,53,1,1,1,21065441,2026-09-14,151_-489,
0,2.46,tertiary,1.3954,21,46,0,0,0,21066639,2026-09-14,164_-485,
0,0.84,tertiary,0.457,5,8,0,0,0,21072216,2026-09-14,164_-486,
0,3.26,residential,1.0846,17,38,0,0,0,21074824,2026-09-14,161_-491,
0,0.56,secondary,1.2057,21,47,1,1,1,21075195,2026-09-14,166_-484,
0,0.37,tertiary,1.4272,38,56,0,0,0,21077997,2026-09-14,163_-485,
0,2.2,secondary,0.7288,9,19,1,1,1,21081496,2026-09-14,148_-492,
0,1.74,primary,0.7677,13,31,1,1,1,21084487,2026-09-14,153_-482,
1,2.46,tertiary,1.2804,23,59,1,1,1,21086756,2026-09-14,164_-487,
0,0.28,residential,0.6349,15,22,1,1,1,21088202,2026-09-14,153_-489,
1,0.47,secondary,1.0092,15,35,1,1,1,21088362,2026-09-14,153_-482,
0,1.01,unclassified,1.3007,20,40,1,1,1,21091566,2026-09-14,153_-482,
0,1.74,tertiary,0.4297,5,14,0,0,0,21092233,2026-09-14,148_-478,
0,1.23,secondary,0.8884,15,31,0,0,0,21095949,2026-09-14,164_-485,
0,3.06,secondary,1.336,33,101,0,0,0,21097944,2026-09-14,164_-484,
0,2.95,secondary,1.0819,22,51,0,0,0,21102501,2026-09-14,150_-479,
0,1.76,secondary,0.3831,4,6,0,0,0,21102927,2026-09-14,166_-474,
0,1.11,tertiary,0.8772,9,19,0,0,0,21104357,2026-09-14,139_-487,
0,4.42,unclassified,0.799,15,66,1,1,1,21105611,2026-09-14,138_-498,
1,0.39,secondary,1.2423,18,92,1,1,1,21107761,2026-09-14,151_-489,
0,1.93,secondary,0.8725,9,19,0,0,0,21108796,2026-09-14,150_-470,
0,2.97,secondary,0.8524,11,38,0,0,0,21110187,2026-09-14,146_-477,
0,0.9,secondary,0.9951,14,48,0,0,0,21112071,2026-09-14,149_-477,
0,0.57,primary,0.8407,19,44,0,0,0,21119308,2026-09-14,148_-477,
0,3.96,tertiary,0.735,14,74,1,1,1,21126079,2026-09-14,149_-477,
0,0.83,secondary,0.7379,6,12,0,0,0,21126481,2026-09-14,159_-532,
0,0.11,secondary,0.7876,12,41,1,1,1,21129596,2026-09-14,149_-477,
0,0.19,unclassified,0.878,9,49,1,1,1,21132010,2026-09-14,147_-493,
0,0.33,secondary,0.6537,9,37,0,0,0,21133185,2026-09-14,149_-477,
0,2.71,secondary,0.8726,14,66,0,0,1,21135404,2026-09-14,151_-489,
0,0.73,primary,1.5629,29,74,0,0,0,21138090,2026-09-14,149_-478,
0,4.0,secondary,1.4853,25,62,0,1,1,21143611,2026-09-14,165_-486,
0,3.51,primary_link,0.7701,17,40,1,1,1,21168139,2026-09-14,153_-482,
0,0.91,tertiary,0.7909,9,20,0,0,0,21175810,2026-09-14,149_-479,
0,0.36,residential,0.3996,2,25,0,0,0,21180181,2026-09-14,150_-471,
0,0.72,tertiary,1.0739,13,31,0,0,0,21182965,2026-09-14,165_-484,
0,0.41,unclassified,0.9823,17,40,1,1,1,21186196,2026-09-14,166_-484,
0,1.45,secondary,0.9694,11,18,0,0,0,21186229,2026-09-14,165_-484,
0,0.5,primary,0.8021,11,24,0,0,0,21186388,2026-09-14,167_-483,
0,3.39,secondary,1.072,12,41,1,1,1,21195829,2026-09-14,152_-488,
0,0.13,residential,0.8112,12,38,0,0,0,21199855,2026-09-14,139_-487,
0,0.72,residential,0.4001,2,2,0,0,0,21201713,2026-09-14,150_-477,
0,0.91,primary,0.4167,11,50,0,0,0,21208301,2026-09-14,147_-492,
0,0.68,tertiary,2.0041,48,101,0,0,0,21210922,2026-09-14,149_-479,
0,0.53,primary,0.6484,5,17,0,0,0,21211011,2026-09-14,147_-475,
0,0.03,residential,0.8371,11,20,0,0,0,21212648,2026-09-14,163_-487,
