Crash_ID,sev3,narrative_chars
18084267,BC,437
19038674,BC,374
19086156,BC,611
19090003,BC,317
19218694,BC,808
19357329,BC,408
19468303,O,291
19472952,O,618
19507353,O,645
19552914,BC,430
19595833,BC,593
19609475,BC,653
19936064,BC,2056
20080870,O,582
20247194,O,473
20282612,O,899
20283477,BC,711
20301900,O,510
20327993,KA,824
20378330,BC,251
20385074,BC,803
20397823,KA,1384
20434392,BC,399
20461799,KA,313
20468976,BC,348
20488368,BC,383
20493115,BC,482
20501375,O,473
20520178,BC,235
20538618,BC,566
20568597,BC,291
20586599,O,455
20695518,BC,810
20705537,BC,653
20798612,BC,294
20811678,KA,418
20837983,O,370
20849003,KA,628
20876416,BC,676
20879101,BC,721
20949182,KA,389
20974420,BC,319
21005381,BC,573
21006790,BC,224
21039602,BC,397
21075195,KA,271
21104357,BC,425
21125995,BC,744
21126079,BC,422
21168139,BC,360
