wrong_way,sidewalk_transition,driveway_alley,failure_to_yield,signal_violation,swerve_loss_control,dooring,distraction_impairment,vehicle_turning_across,lane_positioning,routea_scooter_unit,routea_scooter_confidence,routea_failure_to_yield_actor,routea_signal_violation_actor,Crash_ID
0,0,0,0,1,0,0,0,0,0,2.0,1.0,,driver,18084267
0,0,0,1,0,0,0,0,0,0,2.0,0.0,driver,,18123439
0,0,1,0,0,0,0,0,0,0,2.0,0.0,,,18137184
0,0,1,1,0,0,0,0,0,0,2.0,1.0,rider,,18258555
0,0,1,1,0,0,0,0,1,1,2.0,1.0,both,,18286020
0,0,0,0,0,0,0,0,0,0,2.0,1.0,,,18291178
0,0,0,0,1,0,0,0,0,1,2.0,1.0,,driver,18299940
0,0,1,1,0,1,0,0,0,0,2.0,1.0,rider,,18313764
0,0,0,0,0,1,0,1,0,0,2.0,1.0,,,18314365
0,0,0,0,1,0,0,0,0,0,2.0,1.0,,both,18320652
0,0,0,0,0,0,0,0,1,0,2.0,0.0,,,18369868
0,1,0,0,0,0,0,0,0,0,2.0,0.5,,,18373106
0,0,0,0,1,0,0,0,0,0,2.0,1.0,,rider,18385472
0,1,1,0,0,0,0,0,0,0,,0.0,,,18391216
1,0,0,0,0,0,0,0,0,0,2.0,0.667,,,18391833
0,0,0,0,0,0,0,0,0,0,1.0,1.0,,,18392142
0,0,0,0,0,0,0,0,0,0,2.0,0.5,,,18409305
0,0,0,0,0,0,0,0,1,1,1.0,0.833,,,18431591
0,0,0,1,0,0,0,0,0,0,2.0,1.0,both,,18445363
0,0,0,0,0,0,0,0,0,0,2.0,1.0,,,18450191
0,0,1,0,0,0,0,0,0,0,2.0,1.0,,,18452325
0,0,0,1,0,0,0,0,0,0,2.0,1.0,rider,,18546608
0,0,1,0,0,0,0,0,0,0,2.0,1.0,,,18551567
0,0,0,0,0,0,0,1,0,0,2.0,1.0,,,18567504
0,0,0,0,0,0,0,0,1,0,1.0,1.0,,,18596396
0,0,0,0,0,0,0,0,1,0,2.0,1.0,,,18614327
0,1,1,1,0,0,0,0,1,0,2.0,0.714,driver,,18621759
0,0,0,0,1,0,0,1,0,0,2.0,0.5,,both,18625016
1,0,0,0,0,0,0,1,0,0,2.0,0.5,,,18641849
0,0,0,0,0,0,0,0,0,0,1.0,1.0,,,18660262
0,0,0,0,0,0,0,1,0,0,1.0,1.0,,,18706178
0,0,1,0,0,0,0,0,0,0,2.0,0.5,,,18756943
0,0,0,1,0,0,0,0,0,0,2.0,1.0,both,,18764612
0,0,0,0,0,0,0,0,0,1,1.0,1.0,,,18794429
0,0,0,0,0,0,0,1,0,0,2.0,1.0,,,18802924
0,0,0,0,0,0,0,0,0,0,,0.0,,,18805222
0,0,0,0,0,0,0,0,0,1,2.0,1.0,,,18806351
0,0,0,0,0,0,0,0,0,0,1.0,1.0,,,18818841
0,0,0,1,0,0,0,0,0,0,1.0,1.0,both,,18867093
0,0,0,0,0,0,0,1,0,0,2.0,1.0,,,18881223
0,0,0,0,0,0,0,0,1,0,2.0,1.0,,,18906035
0,0,0,0,0,0,0,0,0,0,1.0,1.0,,,18915979
0,0,0,0,0,1,0,1,1,0,2.0,0.0,,,18923620
0,0,0,0,0,0,0,0,1,0,2.0,1.0,,,18925961
0,0,0,1,0,0,0,0,0,1,2.0,1.0,both,,18941232
0,0,0,0,0,0,0,0,0,0,2.0,1.0,,,18951170
0,1,0,1,0,0,0,0,0,0,2.0,1.0,rider,,18965473
0,1,0,0,0,0,0,0,0,0,2.0,1.0,,,18967267
0,0,0,0,0,0,0,1,0,0,2.0,0.0,,,18985335
0,0,1,1,0,0,0,0,0,0,2.0,1.0,driver,,18992871
0,0,0,0,0,0,0,0,0,0,2.0,1.0,,,18993054
0,0,0,0,0,0,0,0,0,1,2.0,1.0,,,18995056
0,0,0,0,0,0,0,0,0,0,2.0,1.0,,,19003825
0,0,0,0,0,1,0,1,0,0,2.0,1.0,,,19010130
0,0,0,0,0,1,0,0,0,0,2.0,1.0,,,19011663
0,0,0,1,0,0,0,0,0,0,2.0,0.5,both,,19015926
0,0,0,0,0,0,0,1,1,1,2.0,0.75,,,19028413
0,0,0,0,1,0,0,0,0,0,2.0,1.0,,rider,19030755
0,0,1,0,0,0,0,0,0,0,2.0,0.0,,,19031335
0,0,0,0,1,0,0,0,0,0,2.0,1.0,,rider,19038674
0,0,0,1,0,0,0,0,0,1,2.0,1.0,rider,,19041843
0,0,1,0,0,0,0,0,0,1,2.0,1.0,,,19043371
0,0,0,1,0,0,0,0,1,1,,0.0,rider,,19044104
0,0,0,0,0,0,0,0,0,0,2.0,1.0,,,19052739
0,0,1,0,0,0,0,0,0,0,1.0,1.0,,,19055507
0,0,1,0,0,0,0,0,0,0,1.0,0.8,,,19058086
0,0,0,0,0,1,0,0,0,0,2.0,0.0,,,19058199
0,1,0,0,0,0,0,0,0,0,1.0,1.0,,,19062803
0,0,0,0,1,0,0,0,0,0,2.0,1.0,,driver,19063162
0,0,0,1,0,0,0,0,1,0,2.0,1.0,both,,19086156
0,0,0,0,1,0,0,0,0,0,2.0,1.0,,driver,19090003
0,0,0,1,0,0,0,0,1,0,2.0,1.0,both,,19108452
0,0,1,0,0,0,0,0,0,0,2.0,1.0,,,19109523
0,0,0,1,0,0,0,0,0,0,1.0,1.0,rider,,19111788
0,0,1,0,0,0,0,1,0,0,2.0,0.5,,,19111838
0,0,0,0,0,0,0,0,0,0,1.0,1.0,,,19121524
0,0,0,0,0,0,0,0,0,0,1.0,1.0,,,19126204
0,0,1,1,0,0,0,0,0,0,2.0,1.0,rider,,19127244
0,0,0,0,0,0,0,0,0,0,2.0,1.0,,,19127529
0,1,0,1,0,0,0,0,0,0,,0.0,rider,,19130882
0,0,0,0,0,0,0,1,0,0,2.0,1.0,,,19131543
0,0,0,0,0,0,0,0,0,0,2.0,1.0,,,19133592
0,0,0,0,0,1,0,0,0,0,2.0,1.0,,,19138340
0,0,0,0,0,0,0,0,0,0,2.0,1.0,,,19142204
0,1,0,0,0,0,0,0,1,0,2.0,1.0,,,19148829
0,0,0,0,0,0,0,0,0,0,,0.0,,,19159800
0,0,0,0,0,0,0,0,0,0,2.0,1.0,,,19159849
0,0,0,0,0,0,0,0,0,0,2.0,1.0,,,19159931
0,0,0,0,0,0,0,1,0,0,2.0,1.0,,,19174169
0,0,1,0,0,0,0,0,0,0,2.0,1.0,,,19174978
0,0,0,0,0,0,0,0,1,0,2.0,1.0,,,19180118
0,0,0,0,0,0,0,0,0,0,2.0,1.0,,,19183894
0,1,0,0,0,0,0,0,0,0,2.0,0.0,,,19185174
0,0,0,0,0,0,0,0,1,0,2.0,1.0,,,19186525
0,1,0,0,0,0,0,0,1,0,2.0,1.0,,,19186739
0,0,0,0,0,0,0,0,0,0,2.0,1.0,,,19189676
0,0,0,0,0,0,0,0,0,1,1.0,1.0,,,19195336
0,0,0,0,0,0,0,0,0,0,,0.0,,,19196622
0,1,0,1,0,0,0,0,1,1,2.0,1.0,both,,19218694
0,0,0,0,0,0,0,0,0,0,2.0,1.0,,,19219749
0,0,0,0,0,0,0,0,0,0,2.0,1.0,,,19251585
0,0,0,1,1,0,0,0,0,0,2.0,1.0,both,both,19254440
0,0,0,1,0,0,0,1,1,0,2.0,0.0,driver,,19254711
0,0,0,1,0,0,0,0,0,0,2.0,0.0,driver,,19270000
0,0,0,1,0,0,0,0,0,0,2.0,1.0,unclear,,19272573
0,0,0,0,1,0,0,0,0,0,2.0,0.0,,rider,19272749
1,0,0,0,0,0,0,0,0,0,2.0,1.0,,,19274295
0,1,0,0,0,0,0,0,0,0,2.0,1.0,,,19286469
0,0,0,0,0,0,0,0,0,0,2.0,1.0,,,19313514
0,0,0,0,0,1,0,0,0,0,2.0,0.5,,,19475564
0,0,1,0,0,0,0,0,0,0,2.0,0.0,,,19491838
0,0,0,0,1,0,0,0,0,0,2.0,0.5,,both,19507353
0,0,0,0,0,1,0,0,0,0,2.0,1.0,,,19517409
0,0,1,0,0,0,0,0,0,0,,0.0,,,19522285
0,0,0,0,0,0,0,0,1,0,2.0,1.0,,,19526549
0,0,1,0,0,0,0,0,0,0,2.0,0.5,,,19533819
0,0,0,0,0,0,0,0,0,1,1.0,1.0,,,19537291
0,1,0,0,0,0,0,0,1,0,,0.0,,,19540181
0,0,0,0,0,0,0,0,1,0,2.0,0.0,,,19540388
0,0,0,0,0,0,0,0,0,1,2.0,1.0,,,19541467
0,0,0,0,0,0,0,0,1,0,2.0,1.0,,,19552914
0,0,0,0,0,0,0,0,0,0,2.0,1.0,,,19559491
0,0,0,0,0,0,0,1,0,0,2.0,1.0,,,19563636
0,0,0,0,0,0,0,0,0,0,2.0,1.0,,,19564787
0,0,0,0,0,1,0,0,0,1,2.0,0.5,,,19582024
0,0,0,0,0,0,0,0,0,0,2.0,1.0,,,19595833
0,0,1,0,0,0,0,0,0,0,2.0,1.0,,,19598321
0,0,0,0,0,0,0,0,0,0,1.0,1.0,,,19604789
0,1,1,0,0,1,0,0,1,0,2.0,1.0,,,19609475
0,0,0,0,0,0,0,0,1,1,2.0,0.0,,,19619530
0,0,0,0,0,0,0,0,0,0,,0.0,,,19623670
0,0,0,0,0,0,0,0,0,0,2.0,1.0,,,19627016
0,0,0,1,0,0,0,0,0,0,2.0,1.0,both,,19629633
0,0,1,1,0,0,0,0,0,0,2.0,1.0,both,,19633539
0,0,0,0,0,0,0,0,0,1,2.0,1.0,,,19638154
0,0,0,0,1,0,0,0,1,0,2.0,1.0,,driver,19651475
0,0,1,0,0,0,0,1,0,1,2.0,1.0,,,19653793
0,0,1,0,0,0,0,0,1,0,2.0,1.0,,,19660941
0,0,0,0,0,0,0,0,1,0,2.0,1.0,,,19661312
0,0,0,0,1,0,0,0,0,0,2.0,1.0,,both,19662004
0,0,0,1,0,0,0,0,1,0,2.0,1.0,driver,,19663095
0,0,0,0,0,0,0,0,0,0,2.0,0.0,,,19683418
0,0,0,1,0,0,0,1,1,0,2.0,1.0,both,,19686907
0,0,0,0,0,0,0,0,0,0,2.0,1.0,,,19691273
0,0,0,0,0,0,0,0,0,0,2.0,0.0,,,19696501
0,0,0,0,0,0,0,0,0,0,2.0,0.0,,,19701571
0,0,0,0,0,0,0,0,1,0,2.0,1.0,,,19706137
0,0,0,0,0,0,0,0,0,1,2.0,0.0,,,19709866
0,0,0,0,0,0,0,0,0,0,,0.0,,,19714635
0,0,0,0,0,0,0,0,0,0,2.0,0.5,,,19717875
0,0,0,0,0,0,0,0,0,1,1.0,1.0,,,19724045
0,0,0,0,0,0,0,0,0,0,2.0,1.0,,,19724162
0,0,1,0,0,0,0,0,0,0,2.0,1.0,,,19735764
0,0,0,0,0,0,0,0,0,0,1.0,1.0,,,19738411
0,0,0,0,0,0,0,0,1,0,2.0,1.0,,,19752721
0,0,1,0,0,0,0,0,0,0,2.0,1.0,,,19764578
0,0,0,0,0,0,0,0,0,0,2.0,1.0,,,19767231
0,0,0,0,0,0,0,0,0,0,1.0,1.0,,,19789804
0,0,0,0,0,1,0,0,0,0,2.0,1.0,,,19793128
1,0,0,0,0,0,0,0,0,0,2.0,1.0,,,19804488
0,0,1,0,0,0,0,0,0,0,2.0,1.0,,,19804617
0,1,0,1,0,0,0,0,0,0,2.0,1.0,rider,,19818376
0,0,0,0,0,0,0,0,0,1,1.0,1.0,,,19819680
0,0,0,0,0,0,0,0,0,0,2.0,0.5,,,19824473
0,0,0,0,1,0,0,0,0,0,2.0,1.0,,rider,19829368
0,0,1,1,0,0,0,0,0,0,1.0,1.0,unclear,,19831483
0,0,0,0,0,0,0,1,0,0,2.0,0.5,,,19832336
0,0,0,0,0,1,0,0,1,0,2.0,1.0,,,19838154
0,0,1,0,0,0,0,0,1,0,,0.0,,,19841743
0,0,0,0,0,1,0,1,0,1,2.0,1.0,,,19843126
0,0,0,0,0,0,0,0,0,0,2.0,0.5,,,19846755
0,0,0,0,0,0,0,0,0,0,2.0,1.0,,,19850030
0,0,1,0,0,0,0,0,0,0,2.0,1.0,,,19852246
0,0,0,0,0,0,0,0,0,0,2.0,1.0,,,19862768
0,0,0,0,0,1,0,0,0,0,1.0,1.0,,,19866223
0,0,1,0,0,0,0,0,0,0,2.0,1.0,,,19874580
0,0,1,0,0,0,0,0,1,0,2.0,0.5,,,19894547
0,0,0,0,0,0,0,0,1,0,2.0,1.0,,,19906400
0,0,1,0,0,0,0,0,1,1,2.0,1.0,,,19917295
0,0,1,0,0,0,0,0,0,1,1.0,1.0,,,19925630
0,0,0,0,0,0,0,0,1,0,2.0,1.0,,,19929608
0,0,0,0,0,0,0,1,1,0,2.0,1.0,,,19936064
0,0,0,0,0,1,0,0,0,0,2.0,1.0,,,19939160
0,1,0,0,0,0,0,0,0,0,2.0,1.0,,,19951535
0,0,0,0,0,0,0,0,0,0,2.0,1.0,,,19965049
0,0,0,0,0,0,0,1,0,0,2.0,0.0,,,19322713
0,1,0,1,0,0,0,0,0,0,1.0,1.0,rider,,19336857
0,0,0,0,0,0,0,0,0,0,2.0,1.0,,,19342070
0,1,0,0,0,0,0,0,0,0,1.0,1.0,,,19343481
0,0,1,0,0,0,0,0,0,0,2.0,1.0,,,19350178
0,0,0,0,0,0,0,0,0,0,1.0,1.0,,,19356628
0,0,0,1,0,0,0,0,0,0,2.0,1.0,both,,19357329
0,0,0,0,0,0,0,0,0,0,2.0,0.0,,,19358885
0,0,0,0,0,0,0,0,0,1,2.0,1.0,,,19361623
0,1,0,0,1,0,0,1,0,0,2.0,1.0,,rider,19365016
0,0,1,0,0,0,0,0,0,0,1.0,1.0,,,19369660
0,0,0,0,0,0,0,0,0,0,2.0,1.0,,,19370199
0,0,0,0,0,0,0,0,0,0,2.0,0.5,,,19382500
0,0,0,1,0,0,0,0,0,0,1.0,1.0,rider,,19389140
0,1,0,0,0,0,0,0,0,0,2.0,1.0,,,19400069
0,0,0,0,0,0,0,0,0,0,2.0,1.0,,,19402680
0,0,0,0,0,0,0,0,1,0,2.0,0.0,,,19405353
0,0,0,0,0,0,0,0,0,0,2.0,1.0,,,19408210
0,0,0,0,0,0,0,0,0,0,2.0,1.0,,,19415461
0,0,0,0,0,0,0,0,0,0,2.0,0.0,,,19419756
0,0,0,1,0,0,0,0,1,0,2.0,1.0,both,,19420746
0,0,0,1,0,0,0,0,0,0,2.0,0.0,both,,19421338
0,0,0,1,0,0,0,0,0,1,2.0,1.0,driver,,19421895
0,0,0,0,0,0,0,0,1,0,2.0,1.0,,,19423677
0,0,0,1,0,0,0,0,0,0,2.0,0.0,both,,19423704
0,0,1,1,0,0,0,0,0,0,2.0,1.0,rider,,19430118
0,0,1,0,0,0,0,0,1,0,2.0,1.0,,,19430549
0,0,1,1,0,0,0,0,1,0,2.0,1.0,driver,,19430683
0,0,1,1,0,0,0,0,0,0,2.0,1.0,both,,19437706
0,0,0,0,0,0,0,0,0,0,2.0,1.0,,,19438471
0,0,0,1,0,0,0,0,0,0,2.0,0.0,driver,,19460617
0,0,0,0,0,0,0,0,1,1,2.0,1.0,,,19467254
0,0,0,0,0,0,0,0,1,0,2.0,1.0,,,19468303
0,0,0,0,0,0,0,0,1,1,2.0,1.0,,,19470483
0,0,1,0,0,1,0,0,0,0,2.0,1.0,,,19472952
0,0,0,0,0,0,0,0,0,0,1.0,1.0,,,19477001
0,0,0,0,0,0,0,0,0,0,2.0,1.0,,,19970856
0,0,0,0,0,0,0,0,0,0,2.0,1.0,,,20000350
0,0,0,1,0,0,0,0,1,0,2.0,1.0,unclear,,20003726
0,0,1,0,0,0,0,0,0,0,2.0,1.0,,,20004253
0,0,0,0,0,0,0,0,0,1,2.0,1.0,,,20010107
1,0,1,0,0,0,0,0,1,0,2.0,1.0,,,20015570
0,0,0,0,0,0,0,0,0,0,2.0,1.0,,,20020060
0,0,0,0,0,0,0,0,0,0,,0.0,,,20021369
0,1,0,0,0,0,0,0,0,0,2.0,0.0,,,20022518
0,0,0,0,0,0,0,0,0,0,2.0,1.0,,,20023141
0,0,0,0,0,0,1,0,0,0,1.0,1.0,,,20024809
0,0,0,0,0,0,0,0,0,0,2.0,1.0,,,20032187
0,0,0,0,0,0,0,0,0,1,2.0,0.5,,,20047472
0,0,0,0,0,0,0,0,1,0,2.0,1.0,,,20048510
0,0,0,1,0,1,0,0,0,1,2.0,1.0,both,,20080870
0,0,0,1,0,0,0,0,0,0,2.0,1.0,rider,,20081399
0,0,0,0,0,0,0,0,1,1,1.0,1.0,,,20083053
0,1,0,1,0,0,0,0,1,0,2.0,1.0,driver,,20084491
0,0,1,0,0,0,0,0,1,0,2.0,1.0,,,20089553
0,0,0,0,0,0,0,0,0,1,2.0,1.0,,,20094195
0,0,0,0,0,0,0,1,0,0,2.0,1.0,,,20099777
0,0,0,1,0,0,0,0,1,0,2.0,1.0,both,,20101116
0,0,0,1,0,0,0,0,0,0,2.0,1.0,rider,,20103657
0,0,0,0,0,0,0,0,0,0,1.0,1.0,,,20112813
0,0,0,0,0,0,0,1,0,0,2.0,1.0,,,20114613
0,0,0,0,0,0,0,0,0,0,2.0,1.0,,,20121378
0,0,0,0,0,0,0,1,0,0,2.0,1.0,,,20124884
0,0,0,0,0,0,0,0,0,0,1.0,1.0,,,20140364
0,0,1,0,0,0,0,0,0,0,2.0,0.0,,,20154484
0,0,0,0,0,0,0,0,0,0,,0.0,,,20159431
0,0,0,1,0,1,0,0,1,0,2.0,0.667,driver,,20161216
0,1,0,1,0,0,0,0,0,0,2.0,1.0,both,,20183025
0,0,0,0,0,0,0,0,0,0,2.0,1.0,,,20183822
0,0,1,0,0,0,0,0,0,0,2.0,1.0,,,20198019
0,1,0,0,0,0,0,0,1,0,2.0,1.0,,,20202393
0,0,0,0,0,0,0,0,1,0,2.0,1.0,,,20207046
0,0,0,0,0,0,0,0,0,0,1.0,1.0,,,20211473
0,0,1,0,0,0,0,0,1,0,2.0,1.0,,,20216761
0,0,0,0,0,0,0,0,0,0,2.0,1.0,,,20231519
0,0,1,1,0,0,0,0,0,0,2.0,1.0,driver,,20240878
0,0,1,0,0,0,0,0,0,0,2.0,0.0,,,20247194
0,0,0,0,0,0,0,0,0,1,2.0,1.0,,,20248203
0,1,0,1,0,0,0,0,0,0,2.0,1.0,both,,20250526
0,0,0,0,0,0,0,0,0,0,2.0,1.0,,,20255177
0,0,0,0,0,1,0,1,0,0,2.0,1.0,,,20263828
0,0,0,0,0,0,0,0,1,0,2.0,1.0,,,20268199
0,0,0,0,0,0,0,0,0,0,2.0,1.0,,,20270590
0,0,1,0,0,0,0,0,0,0,1.0,1.0,,,20276277
0,0,0,0,0,0,0,0,0,0,2.0,1.0,,,20278396
0,0,0,0,0,0,0,0,0,0,2.0,0.0,,,20280232
0,0,0,0,0,0,0,0,0,0,2.0,1.0,,,20280929
0,0,0,0,1,0,0,0,0,0,2.0,1.0,,driver,20282612
0,0,0,0,0,0,0,0,1,1,2.0,1.0,,,20283477
0,0,0,0,0,0,0,1,1,0,2.0,1.0,,,20301756
0,0,0,0,0,0,0,0,0,1,1.0,1.0,,,20301900
0,0,0,0,0,0,0,0,0,0,1.0,0.667,,,20302188
0,0,0,1,0,0,0,0,1,0,2.0,1.0,both,,20304849
0,0,0,0,0,0,0,0,0,0,2.0,1.0,,,20305777
0,0,1,0,0,0,0,0,0,0,2.0,1.0,,,20323085
0,0,0,1,0,0,0,0,1,0,2.0,1.0,driver,,20323121
0,0,0,0,0,0,0,0,0,0,2.0,1.0,,,20327993
0,0,0,0,0,0,0,0,0,0,2.0,0.5,,,20336171
0,0,0,0,1,1,0,0,0,0,2.0,1.0,,both,20344537
0,0,0,0,0,0,0,0,0,0,2.0,1.0,,,20364240
0,0,0,0,0,0,0,0,0,0,2.0,1.0,,,20368192
0,0,0,0,0,0,0,0,1,0,2.0,1.0,,,20375534
0,0,0,0,0,0,0,0,0,0,2.0,0.5,,,20378330
0,0,0,0,0,0,0,0,0,0,2.0,1.0,,,20383782
0,0,0,0,0,0,0,0,1,0,2.0,1.0,,,20384101
0,0,0,1,0,0,0,0,0,0,2.0,1.0,both,,20385074
0,0,0,0,0,0,0,0,0,0,2.0,0.0,,,20397172
0,0,0,0,0,0,0,0,1,0,2.0,1.0,,,20397823
0,0,0,0,0,0,0,0,0,0,2.0,1.0,,,20403304
0,0,0,0,1,0,0,0,0,0,2.0,1.0,,both,20406549
0,0,0,0,1,0,0,1,0,0,2.0,0.5,,both,20411572
0,0,0,0,0,0,0,0,0,0,2.0,1.0,,,20418910
0,0,0,0,0,0,1,0,1,0,2.0,0.5,,,20422898
0,0,0,1,0,0,0,0,1,0,2.0,1.0,both,,20430323
0,0,0,0,0,0,0,0,1,0,,0.0,,,20430425
0,0,0,0,0,0,0,0,1,1,2.0,1.0,,,20434392
0,1,0,0,0,0,0,0,0,0,2.0,1.0,,,20434406
0,0,0,0,0,0,0,0,0,0,1.0,1.0,,,20447249
0,0,0,0,0,0,0,1,1,0,2.0,1.0,,,20447519
0,0,0,0,1,0,0,0,0,1,2.0,1.0,,driver,20461799
0,0,0,0,0,0,0,0,0,0,2.0,1.0,,,20468976
0,0,0,0,0,0,0,0,0,0,2.0,0.0,,,20476165
0,0,0,0,0,0,0,0,0,0,1.0,1.0,,,20477394
0,0,0,0,0,0,0,0,0,1,2.0,0.667,,,20478407
0,0,0,0,0,1,0,0,0,0,2.0,1.0,,,20480266
0,0,0,0,1,0,0,0,0,0,2.0,0.0,,driver,20482673
0,0,0,0,0,1,0,0,1,0,2.0,1.0,,,20485089
0,0,1,0,0,0,0,0,0,1,2.0,1.0,,,20488017
0,0,1,0,0,0,0,0,0,1,2.0,1.0,,,20488368
0,0,0,0,0,0,0,0,0,0,2.0,1.0,,,20489141
0,0,1,1,0,0,0,0,0,0,2.0,1.0,driver,,20489984
0,0,1,0,0,0,0,0,1,1,2.0,1.0,,,20491602
0,1,0,1,0,0,0,0,1,1,,0.0,rider,,20493115
0,1,1,0,0,0,0,0,0,0,2.0,0.667,,,20500092
0,1,0,0,0,0,0,0,1,0,2.0,1.0,,,20501375
0,0,0,0,0,0,0,0,0,1,1.0,1.0,,,20501710
0,0,0,0,1,0,0,0,0,0,2.0,1.0,,driver,20512902
0,0,0,0,0,0,0,0,0,1,2.0,1.0,,,20520178
0,1,0,0,0,0,0,0,0,0,1.0,1.0,,,20522383
0,1,0,0,0,0,0,0,1,0,2.0,1.0,,,20538124
0,0,0,0,0,0,0,0,0,0,2.0,1.0,,,20538618
0,0,0,0,0,0,0,0,0,0,2.0,1.0,,,20544011
0,1,0,0,0,0,0,0,0,0,2.0,1.0,,,20553131
0,0,0,1,0,0,0,0,0,0,2.0,0.5,driver,,20553888
0,0,0,1,0,0,0,1,0,0,2.0,1.0,rider,,20559541
0,0,1,0,0,1,0,0,0,0,2.0,1.0,,,20559560
0,0,0,0,0,0,0,1,0,0,2.0,0.0,,,20559900
0,0,1,0,0,0,0,1,0,0,2.0,1.0,,,20565125
0,0,0,1,0,0,0,0,0,0,2.0,1.0,rider,,20568597
0,0,0,0,1,0,0,0,0,0,1.0,1.0,,rider,20574462
0,0,0,1,0,0,0,0,0,0,2.0,1.0,rider,,20578639
0,0,0,0,0,0,0,0,0,0,1.0,1.0,,,20578714
0,0,0,0,0,0,0,0,0,0,1.0,1.0,,,20579424
0,0,0,0,0,0,0,0,1,0,2.0,1.0,,,20580720
0,0,1,1,0,0,0,0,0,0,2.0,1.0,driver,,20580870
0,0,0,0,1,0,0,0,0,1,2.0,0.75,,rider,20582376
0,0,0,0,0,0,0,0,1,0,2.0,1.0,,,20582708
0,0,0,0,0,0,0,0,1,0,2.0,1.0,,,20583145
0,0,0,0,0,0,0,0,0,0,2.0,1.0,,,20586599
0,0,0,0,0,0,0,0,0,1,2.0,1.0,,,20589104
0,0,0,0,0,0,0,0,0,1,,0.0,,,20605956
0,0,0,0,1,1,0,0,0,0,,0.0,,rider,20606091
0,1,0,1,0,0,0,0,1,0,2.0,1.0,both,,20608805
0,0,1,0,0,0,0,0,0,0,2.0,1.0,,,20602973
0,0,0,0,0,0,0,0,0,0,2.0,0.5,,,20611920
0,0,0,0,1,0,0,0,0,0,1.0,1.0,,rider,20612065
0,0,0,0,0,0,0,0,0,0,2.0,1.0,,,20612331
0,0,0,0,0,0,0,0,0,1,1.0,1.0,,,20613236
0,0,0,1,0,0,0,0,0,0,2.0,0.0,driver,,20620121
0,1,0,0,0,0,0,0,0,0,2.0,1.0,,,20633867
0,0,0,0,0,0,0,0,0,0,2.0,1.0,,,20642185
0,0,0,0,0,0,0,0,0,0,1.0,1.0,,,20643678
0,0,0,0,1,0,0,0,0,0,2.0,1.0,,both,20650631
0,0,0,0,0,0,0,0,0,0,1.0,1.0,,,20650849
0,0,0,0,0,0,0,0,0,0,2.0,1.0,,,20657977
0,1,0,0,0,0,0,0,1,0,2.0,1.0,,,20658124
0,0,0,0,0,0,0,0,0,0,2.0,1.0,,,20668494
0,0,0,0,0,0,0,0,1,0,2.0,1.0,,,20695518
0,0,0,0,0,1,0,0,0,0,2.0,1.0,,,20705537
0,0,0,1,0,0,0,0,1,0,2.0,1.0,unclear,,20713506
0,0,0,1,0,0,0,0,1,0,2.0,1.0,unclear,,20714698
0,0,0,1,0,0,0,0,0,0,2.0,1.0,rider,,20715097
0,0,0,1,1,0,0,0,0,0,2.0,1.0,rider,both,20716178
0,0,0,0,0,0,0,1,0,0,,0.0,,,20720478
0,0,0,0,0,0,0,0,0,0,2.0,1.0,,,20734482
0,1,0,1,0,0,0,0,0,0,2.0,1.0,both,,20737162
0,0,0,0,0,0,0,0,0,0,2.0,1.0,,,20740047
0,0,0,0,1,0,0,0,1,1,2.0,0.667,,rider,20742992
0,0,0,1,0,0,0,0,0,0,2.0,1.0,rider,,20748142
0,0,0,1,0,0,0,0,0,0,2.0,1.0,both,,20750723
0,0,0,0,0,0,0,0,0,1,1.0,0.667,,,20750767
0,0,0,0,0,0,0,0,0,0,2.0,0.5,,,20753681
0,0,0,0,0,0,0,0,0,0,1.0,0.667,,,20767365
0,0,0,0,0,0,0,0,0,0,2.0,1.0,,,20771900
0,0,0,1,0,0,0,0,1,0,2.0,1.0,driver,,20773657
0,0,1,1,0,0,0,0,0,0,1.0,1.0,rider,,20774954
0,0,0,0,0,1,0,0,1,0,1.0,0.6,,,20779194
0,0,0,0,1,0,0,0,0,0,2.0,1.0,,rider,20781798
0,0,1,1,0,0,0,0,1,1,2.0,1.0,driver,,20798612
0,0,0,0,0,0,0,0,1,0,,0.0,,,20803332
0,0,0,0,1,0,0,0,0,0,1.0,0.667,,both,20808181
0,0,1,0,0,0,0,0,0,0,2.0,1.0,,,20808269
0,0,1,1,0,0,0,0,0,0,2.0,1.0,rider,,20811678
0,0,0,0,0,1,0,0,0,0,2.0,1.0,,,20817104
0,0,0,0,0,0,0,0,1,0,2.0,0.0,,,20819210
0,0,1,1,0,0,0,0,0,0,2.0,1.0,both,,20825648
0,0,0,0,1,0,0,0,0,0,2.0,1.0,,both,20826125
1,0,0,1,0,0,0,0,0,1,2.0,1.0,both,,20837983
0,1,0,0,0,0,0,0,0,0,2.0,1.0,,,20841233
0,0,0,0,0,0,0,0,0,0,2.0,0.5,,,20843455
0,0,0,0,0,0,0,0,0,0,2.0,1.0,,,20845055
0,0,1,0,0,0,0,0,1,1,2.0,1.0,,,20846144
0,0,0,0,1,0,0,1,0,0,2.0,1.0,,driver,20849003
0,0,0,0,0,0,0,0,1,0,2.0,1.0,,,20853611
0,0,0,1,0,0,0,0,1,0,2.0,1.0,driver,,20856931
0,0,0,0,0,0,0,0,0,0,2.0,0.5,,,20859304
0,0,0,0,0,0,0,0,0,0,2.0,0.5,,,20867028
0,1,0,0,0,1,0,0,0,0,2.0,1.0,,,20871654
0,0,0,0,1,0,0,0,0,0,2.0,1.0,,both,20876416
0,0,0,0,0,0,0,0,0,0,2.0,1.0,,,20879101
0,0,1,0,0,0,0,1,0,0,2.0,1.0,,,20879470
0,0,0,0,0,0,0,0,0,0,2.0,1.0,,,20881063
0,0,0,0,0,1,0,0,1,1,2.0,1.0,,,20882044
0,0,1,0,0,0,0,0,0,0,2.0,1.0,,,20885064
0,0,0,1,0,0,0,0,1,1,,0.0,rider,,20890854
0,0,0,1,0,0,0,0,0,0,2.0,1.0,rider,,20891629
0,0,0,0,1,0,0,0,0,0,2.0,1.0,,rider,20896203
0,1,1,0,0,0,0,0,0,1,,0.0,,,20901734
0,0,0,0,0,0,0,0,1,1,2.0,1.0,,,20902269
0,0,0,1,0,0,0,0,0,0,2.0,1.0,rider,,20906237
0,0,0,0,0,0,0,0,0,0,2.0,0.0,,,20915930
0,0,0,0,1,0,0,0,0,0,1.0,1.0,,both,20924283
0,0,0,0,0,0,0,0,0,0,1.0,0.667,,,20930078
0,0,0,0,0,0,0,0,1,0,2.0,1.0,,,20933210
0,0,0,0,0,0,0,0,0,1,1.0,1.0,,,20946032
0,0,0,0,0,0,0,0,0,0,2.0,1.0,,,20948743
0,0,0,0,0,0,0,0,0,0,1.0,1.0,,,20949182
0,0,0,0,0,0,0,0,0,0,2.0,1.0,,,20949756
0,0,0,1,0,0,0,0,0,0,2.0,1.0,rider,,20954008
0,0,1,0,0,0,0,0,1,0,,0.0,,,20961193
0,1,0,0,0,0,0,0,1,1,2.0,0.75,,,20969801
0,0,1,1,0,0,0,0,0,0,1.0,1.0,rider,,20970816
0,0,0,0,0,1,0,0,0,0,2.0,1.0,,,20974420
0,0,0,0,0,0,0,0,0,0,1.0,1.0,,,20974558
0,0,0,0,0,0,0,0,0,0,2.0,1.0,,,20977560
0,0,0,0,0,0,0,1,1,0,2.0,1.0,,,20979006
0,1,0,0,0,0,0,0,1,0,2.0,1.0,,,20980965
0,0,0,0,1,0,0,0,0,0,2.0,1.0,,driver,20986113
0,0,0,0,0,0,0,0,0,0,2.0,1.0,,,20992259
0,0,1,1,0,0,0,0,1,0,2.0,1.0,driver,,20994792
0,0,0,1,0,0,0,0,0,0,2.0,1.0,both,,21002349
0,1,0,0,0,0,0,0,0,0,2.0,1.0,,,21003129
0,0,0,0,0,0,0,0,0,0,2.0,1.0,,,21003804
0,1,0,0,0,0,0,0,1,0,1.0,1.0,,,21003933
0,0,0,0,0,0,0,0,1,0,2.0,1.0,,,21005257
0,0,0,0,1,0,0,1,0,0,2.0,1.0,,both,21005381
0,0,0,0,0,0,0,0,0,0,,0.0,,,21006420
0,0,0,0,0,0,0,0,1,0,2.0,1.0,,,21006790
0,0,0,0,0,0,0,0,0,0,2.0,1.0,,,21008002
0,0,0,1,0,0,0,0,0,0,2.0,1.0,both,,21012477
0,0,1,0,0,0,0,0,0,0,2.0,1.0,,,21017911
0,0,0,0,0,0,0,0,1,0,2.0,1.0,,,21018349
0,0,0,0,0,0,0,0,0,0,2.0,1.0,,,21018709
0,0,0,0,0,0,0,0,0,0,2.0,0.0,,,21021699
0,0,0,0,0,0,0,0,0,0,2.0,1.0,,,21022313
0,0,0,0,0,0,0,0,0,0,2.0,1.0,,,21031520
0,0,0,0,0,0,0,0,1,0,2.0,1.0,,,21032050
0,0,0,0,0,0,0,0,1,0,2.0,1.0,,,21032268
0,1,0,0,0,0,0,0,0,0,2.0,1.0,,,21034313
0,1,0,1,0,0,0,0,1,0,2.0,1.0,driver,,21036638
0,0,1,0,0,0,0,1,0,0,2.0,1.0,,,21039602
0,0,0,1,0,0,0,0,0,0,2.0,1.0,driver,,21040774
0,0,1,0,0,0,0,0,1,0,2.0,0.5,,,21042588
0,0,0,0,1,0,0,0,0,0,2.0,0.0,,unclear,21043695
0,0,0,1,0,0,0,0,0,0,2.0,1.0,driver,,21047878
0,0,1,0,0,0,0,0,1,0,2.0,1.0,,,21050557
0,1,1,0,0,0,0,0,0,0,1.0,1.0,,,21050706
0,0,1,0,0,0,0,0,0,0,2.0,1.0,,,21051047
0,0,0,0,0,0,0,0,0,1,2.0,1.0,,,21052224
0,0,1,1,0,0,0,0,0,0,1.0,1.0,rider,,21058624
0,0,0,1,0,0,0,0,1,0,2.0,1.0,rider,,21058632
0,0,0,0,0,0,0,0,0,0,2.0,1.0,,,21062020
0,0,1,1,0,0,0,0,0,0,2.0,0.0,both,,21062942
0,0,0,1,0,0,0,0,0,1,2.0,1.0,both,,21065437
0,0,0,1,0,0,0,0,1,0,2.0,1.0,both,,21065441
0,1,0,0,0,0,0,0,0,0,2.0,1.0,,,21066639
0,0,0,0,0,0,0,0,0,0,2.0,1.0,,,21072216
0,0,0,0,1,1,0,0,0,0,2.0,1.0,,unclear,21074824
0,0,0,0,0,0,0,0,0,0,2.0,1.0,,,21075195
0,0,0,0,0,0,0,0,0,1,2.0,1.0,,,21077997
1,0,0,0,0,0,0,0,1,0,2.0,1.0,,,21081496
0,0,0,0,0,0,0,0,1,0,2.0,1.0,,,21084487
0,0,0,0,0,0,0,0,1,1,2.0,0.5,,,21086756
0,0,0,0,0,0,0,0,0,1,1.0,1.0,,,21088202
0,0,1,0,0,0,0,0,0,1,2.0,1.0,,,21088362
0,0,0,1,0,0,0,0,0,0,2.0,1.0,both,,21088684
0,0,0,0,0,0,0,0,1,0,2.0,0.0,,,21091566
0,0,0,1,1,0,0,0,0,0,2.0,1.0,both,both,21092233
0,0,0,0,0,0,0,0,1,1,2.0,1.0,,,21095949
0,0,0,0,0,0,0,0,1,1,2.0,1.0,,,21097944
0,1,0,0,0,0,0,0,1,0,2.0,0.5,,,21102501
0,0,0,0,0,0,0,0,0,0,2.0,1.0,,,21102927
0,1,0,0,0,0,0,0,1,0,2.0,1.0,,,21104357
1,0,0,0,0,0,0,0,0,0,2.0,1.0,,,21105611
0,0,0,0,0,0,0,1,0,0,2.0,1.0,,,21107761
0,0,0,0,0,0,0,0,0,0,2.0,0.0,,,21108796
0,0,0,0,0,0,0,1,1,0,2.0,0.667,,,21110187
0,0,0,0,0,0,0,0,0,0,1.0,1.0,,,21110839
0,0,0,0,0,0,0,0,0,0,1.0,1.0,,,21112071
0,0,0,0,0,0,0,0,0,1,2.0,0.0,,,21119308
0,1,0,0,0,0,0,1,1,0,2.0,0.0,,,21123066
0,0,1,0,0,1,0,0,0,0,2.0,0.5,,,21125995
0,0,0,1,0,0,0,0,0,0,2.0,1.0,rider,,21126079
0,0,0,0,0,0,0,0,0,0,1.0,1.0,,,21126481
0,0,0,0,0,0,0,0,0,0,2.0,1.0,,,21129596
0,0,0,0,0,0,0,0,0,0,,0.0,,,21132010
0,0,0,0,0,0,0,0,0,0,1.0,1.0,,,21133185
0,0,0,0,0,0,0,0,0,1,2.0,1.0,,,21135404
0,0,0,0,0,0,0,0,0,1,2.0,1.0,,,21138090
0,0,0,0,0,0,0,0,1,0,2.0,1.0,,,21143611
0,0,0,0,0,0,0,0,0,0,2.0,1.0,,,21160358
0,0,0,0,0,0,0,1,0,0,2.0,1.0,,,21168139
0,0,0,1,0,0,0,0,0,0,2.0,1.0,rider,,21175810
0,0,0,0,0,0,0,0,0,0,2.0,1.0,,,21180181
0,0,0,0,0,0,0,1,0,0,2.0,1.0,,,21182965
0,0,0,0,1,0,0,0,0,0,2.0,1.0,,unclear,21186196
0,0,1,0,0,0,0,0,0,0,2.0,0.667,,,21186229
0,0,0,0,0,0,0,0,1,0,2.0,1.0,,,21186388
0,0,0,0,0,0,0,0,0,0,2.0,0.75,,,21195829
0,0,0,0,1,0,0,0,0,0,2.0,1.0,,driver,21199855
0,0,0,0,0,0,0,0,0,0,2.0,1.0,,,21201713
0,0,0,0,0,0,0,0,0,0,2.0,1.0,,,21208301
0,0,0,0,0,0,0,0,0,0,2.0,1.0,,,21210922
0,0,0,0,0,1,0,0,0,0,2.0,0.0,,,21211011
0,0,0,0,0,0,0,0,0,0,1.0,1.0,,,21212648
