Crash_ID,wrong_way,sidewalk_transition,driveway_alley,failure_to_yield,signal_violation,swerve_loss_control,dooring,distraction_impairment,vehicle_turning_across,lane_positioning,n_runs
18084267,0.0,0.0,0.0,0.0,1.0,0.0,0.0,0.0,0.0,0.0,5
18123439,0.0,0.0,0.0,1.0,0.6,1.0,0.0,0.0,0.0,0.0,5
18137184,0.0,0.0,0.4,0.0,0.0,0.0,0.0,1.0,0.0,0.0,5
18258555,0.0,0.0,1.0,1.0,0.0,0.0,0.0,0.0,0.0,0.0,5
18286020,1.0,0.0,1.0,1.0,0.0,0.0,0.0,0.0,1.0,1.0,5
18291178,0.0,0.0,0.0,0.0,0.0,0.0,0.0,0.0,0.0,0.0,5
18299940,0.0,0.0,0.0,0.0,1.0,0.0,0.0,0.0,0.0,1.0,5
18313764,0.0,0.0,1.0,1.0,0.0,0.0,0.0,0.0,0.0,0.0,5
18314365,0.0,0.0,0.0,0.0,0.0,0.0,0.0,1.0,0.0,1.0,5
18320652,0.0,1.0,0.0,0.8,1.0,0.0,0.0,0.0,0.0,0.0,5
18369868,0.0,0.0,0.0,0.0,0.0,0.0,0.0,1.0,1.0,0.0,5
18373106,0.0,1.0,0.0,0.0,0.0,0.0,0.0,0.0,0.0,0.0,5
18385472,0.0,0.0,0.0,0.4,1.0,0.0,0.0,0.0,0.0,0.0,5
18391216,0.0,1.0,1.0,0.0,0.0,0.0,0.0,0.0,0.8,0.0,5
18391833,1.0,0.0,0.0,0.0,0.0,0.0,0.0,0.0,0.0,0.0,5
18392142,0.0,0.0,0.6,0.0,0.0,0.0,0.0,0.0,1.0,0.0,5
18409305,0.0,0.0,0.0,0.0,0.0,1.0,0.0,0.0,0.0,0.0,5
18431591,0.0,0.8,0.0,0.2,0.2,0.0,0.0,0.0,1.0,1.0,5
18445363,0.0,1.0,1.0,1.0,0.0,0.0,0.0,0.0,1.0,0.0,5
18450191,0.0,0.0,0.0,0.0,0.0,0.0,0.0,1.0,0.0,0.0,5
18452325,0.0,0.0,0.8,0.0,0.0,0.0,0.0,0.0,0.0,0.0,5
18546608,0.0,1.0,0.0,1.0,0.0,0.0,0.0,0.0,0.0,0.0,5
18551567,0.0,0.0,1.0,0.2,0.0,0.0,0.0,0.0,0.0,0.0,5
18567504,0.0,0.0,0.0,0.0,0.0,0.0,0.0,1.0,1.0,0.0,5
18596396,0.0,0.0,0.0,0.8,0.2,0.0,0.0,0.0,1.0,0.0,5
18614327,0.0,0.0,0.0,1.0,1.0,0.0,0.0,0.0,1.0,0.0,5
18621759,0.0,1.0,1.0,1.0,0.0,0.0,0.0,0.0,1.0,0.0,5
18625016,0.0,0.0,0.0,1.0,1.0,0.0,0.0,0.0,0.0,0.0,5
18641849,1.0,0.0,0.0,0.0,0.0,0.0,0.0,1.0,0.0,1.0,5
18660262,0.0,1.0,0.0,0.0,0.0,0.0,0.0,0.0,0.0,1.0,5
18706178,0.0,0.0,0.0,1.0,1.0,0.0,0.0,0.0,0.0,1.0,5
18756943,0.0,0.0,1.0,1.0,0.0,0.0,0.0,0.0,0.0,0.0,5
18764612,0.0,1.0,0.0,1.0,1.0,0.0,0.0,0.0,0.0,0.0,5
18794429,0.0,0.0,0.0,0.0,0.0,0.0,0.0,0.0,0.0,0.0,5
18802924,0.0,0.0,0.0,0.0,0.0,0.0,0.0,1.0,0.0,0.0,5
18805222,0.0,0.0,0.0,0.0,0.0,1.0,0.0,0.0,0.0,1.0,5
18806351,0.0,0.0,0.0,0.0,0.0,0.2,0.0,0.0,0.0,1.0,5
18818841,0.0,0.0,0.0,0.0,1.0,0.0,0.0,0.0,0.0,0.0,5
18867093,0.0,0.0,0.0,1.0,0.0,0.0,0.0,0.0,0.0,0.0,5
18881223,0.0,0.0,0.0,0.0,0.0,0.0,0.0,1.0,0.0,0.4,5
18906035,0.0,0.0,1.0,0.0,0.0,0.0,0.0,0.0,1.0,1.0,5
18915979,0.0,0.4,0.0,1.0,0.0,0.0,0.0,1.0,1.0,0.0,5
18923620,0.0,0.0,0.0,0.0,0.0,0.0,0.0,1.0,1.0,0.0,5
18925961,0.0,0.0,0.0,0.0,0.0,1.0,0.0,0.0,1.0,0.0,5
18941232,0.0,0.0,0.0,1.0,0.0,0.0,0.0,0.0,0.0,1.0,5
18951170,0.0,0.0,0.0,1.0,0.0,0.0,0.0,1.0,0.0,0.0,5
18965473,0.0,1.0,0.0,1.0,0.0,0.0,0.0,0.0,0.0,0.0,5
18967267,0.0,1.0,0.0,0.0,1.0,0.0,0.0,0.0,0.0,0.0,5
18985335,0.0,0.0,0.0,0.0,0.0,0.2,0.0,1.0,0.0,0.0,5
18992871,1.0,0.0,0.2,1.0,0.0,0.0,0.0,0.0,0.0,0.0,5
18993054,0.0,0.0,0.0,0.0,0.0,0.0,0.0,0.0,0.0,1.0,5
18995056,0.0,0.0,0.0,0.4,0.0,0.0,0.0,0.0,0.0,0.0,5
19003825,0.0,0.0,0.0,0.0,0.0,0.0,0.0,0.2,1.0,0.0,5
19010130,0.0,1.0,0.0,0.0,0.0,1.0,0.0,1.0,1.0,0.0,5
19011663,0.0,0.0,0.0,0.0,0.0,0.6,0.0,0.0,0.0,0.0,5
19015926,0.0,0.0,0.0,1.0,0.0,0.0,0.0,0.0,0.0,0.0,5
19028413,0.0,0.0,0.0,1.0,0.0,0.0,0.0,1.0,1.0,0.0,5
19030755,0.0,0.0,0.0,1.0,1.0,0.0,0.0,0.0,0.0,0.0,5
19031335,0.0,0.0,1.0,0.0,0.0,0.0,0.0,0.6,0.0,0.0,5
19038674,0.0,0.0,0.0,0.6,1.0,0.0,0.0,0.0,0.0,0.0,5
19041843,0.0,0.0,0.0,1.0,0.0,0.0,0.0,0.0,0.0,1.0,5
19043371,0.0,0.0,1.0,1.0,0.0,0.0,0.0,0.0,1.0,1.0,5
19044104,0.0,0.0,0.0,1.0,0.0,0.0,0.0,0.0,1.0,1.0,5
19052739,1.0,0.0,0.0,0.0,0.0,0.0,0.0,0.0,0.0,1.0,5
19055507,0.0,0.0,1.0,1.0,0.0,0.0,0.0,0.0,0.0,0.0,5
19058086,0.0,0.0,1.0,0.0,0.0,0.0,0.0,0.0,0.0,0.0,5
19058199,0.0,0.0,0.0,0.0,0.0,0.6,0.0,1.0,0.0,0.0,5
19062803,0.0,0.6,1.0,0.0,0.0,0.0,0.0,0.0,0.0,0.0,5
19063162,1.0,0.0,0.0,0.0,1.0,0.0,0.0,0.0,0.0,0.0,5
19086156,0.0,1.0,0.0,1.0,0.0,0.0,0.0,0.0,1.0,0.0,5
19090003,0.0,0.0,0.0,0.8,1.0,0.0,0.0,0.0,0.8,1.0,5
19108452,0.0,0.8,0.0,1.0,0.0,0.0,0.0,0.0,0.6,0.0,5
19109523,0.0,1.0,1.0,1.0,0.0,0.0,0.0,0.0,0.0,0.0,5
19111788,0.0,0.0,0.0,1.0,0.0,0.0,0.0,0.0,0.0,0.0,5
19111838,0.0,0.0,1.0,0.0,0.0,0.0,0.0,1.0,1.0,0.0,5
19121524,0.0,0.0,0.0,1.0,1.0,0.0,0.0,0.0,0.0,0.0,5
19126204,0.0,0.8,0.0,0.0,0.0,0.0,0.0,1.0,0.0,0.4,5
19127244,0.0,0.0,1.0,1.0,0.0,0.0,0.0,0.0,0.0,1.0,5
19127529,0.0,0.0,1.0,0.0,0.0,0.0,0.0,0.0,0.0,0.0,5
19130882,0.0,1.0,0.0,1.0,0.0,0.0,0.0,0.0,0.0,0.0,5
19131543,0.0,0.0,0.0,0.0,0.0,0.0,0.0,1.0,0.0,0.0,5
19133592,0.0,0.0,0.0,1.0,0.0,0.0,0.0,0.2,0.0,0.0,5
19138340,0.0,1.0,1.0,0.0,0.0,1.0,0.0,0.0,0.0,0.0,5
19142204,0.0,0.0,0.0,0.0,0.0,0.0,0.0,0.0,1.0,0.0,5
19148829,0.0,1.0,0.0,1.0,1.0,0.0,0.0,0.0,1.0,0.0,5
19159800,0.0,0.0,0.0,0.0,0.0,0.0,0.0,0.0,0.0,0.0,5
19159849,0.0,0.2,0.0,0.0,0.0,0.0,0.0,0.0,1.0,0.0,5
19159931,0.0,0.0,0.0,1.0,1.0,0.0,0.0,0.0,0.0,0.0,5
19174169,0.0,0.0,0.0,0.0,0.0,0.2,0.0,1.0,0.0,0.0,5
19174978,0.0,0.6,1.0,0.0,0.0,0.0,0.0,0.0,0.0,0.0,5
19180118,1.0,0.0,0.0,0.0,0.0,0.0,0.0,0.0,1.0,1.0,5
19183894,0.0,0.0,0.0,0.0,0.0,0.0,0.0,0.0,0.0,1.0,5
19185174,0.0,1.0,0.0,0.2,0.0,0.0,0.0,0.8,0.0,0.0,5
19186525,0.0,0.0,0.0,0.8,0.0,0.0,0.0,0.0,0.8,0.0,5
19186739,0.0,1.0,0.0,0.0,0.0,0.0,0.0,0.0,1.0,0.0,5
19189676,0.0,0.0,0.0,0.0,0.0,0.0,0.0,0.0,0.0,0.0,5
19195336,0.0,0.0,0.0,0.0,0.0,0.0,0.0,1.0,0.0,1.0,5
19196622,1.0,0.0,0.0,0.0,0.0,0.0,0.0,0.0,0.0,1.0,5
19218694,0.0,1.0,0.0,1.0,0.0,0.0,0.0,0.0,1.0,0.0,5
19219749,0.0,1.0,0.0,0.0,0.0,0.0,0.0,0.0,0.0,0.0,5
19251585,0.0,0.0,0.0,0.0,0.0,0.0,0.0,0.0,0.0,1.0,5
19254440,0.0,1.0,0.0,1.0,1.0,0.0,0.0,0.0,0.0,0.0,5
19254711,0.0,0.0,0.0,1.0,0.0,0.0,0.0,0.0,1.0,0.0,5
19270000,0.0,0.2,0.0,1.0,0.2,0.0,0.0,0.0,1.0,1.0,5
19272573,0.0,0.0,0.0,1.0,0.0,0.0,0.0,0.0,0.0,0.0,5
19272749,0.2,0.0,0.0,0.2,1.0,0.0,0.0,0.0,0.0,1.0,5
19274295,1.0,1.0,0.0,0.8,1.0,0.0,0.0,0.0,0.0,0.0,5
19286469,0.0,1.0,0.0,1.0,0.0,0.0,0.0,1.0,1.0,0.0,5
19313514,0.0,0.0,0.0,0.0,0.0,0.0,0.0,1.0,0.8,0.0,5
19322713,0.0,0.0,0.0,0.0,0.0,0.0,0.0,1.0,0.0,0.0,5
19336857,0.0,1.0,0.0,1.0,0.0,0.0,0.0,0.0,0.0,0.0,5
19342070,0.0,0.0,0.0,0.0,0.0,0.0,0.0,0.0,0.0,0.6,5
19343481,0.0,1.0,0.8,0.0,0.0,0.0,0.0,0.0,0.0,0.0,5
19350178,0.0,1.0,1.0,0.0,0.0,0.0,0.0,0.0,0.0,0.0,5
19356628,0.0,0.0,0.0,0.0,1.0,0.0,0.0,0.0,0.0,0.0,5
19357329,0.0,0.0,0.0,1.0,0.0,0.0,0.0,0.0,0.0,0.0,5
19358885,0.0,0.0,0.0,0.0,0.0,0.0,0.0,0.0,0.0,0.6,5
19361623,0.0,0.0,0.0,0.0,0.0,0.0,0.0,0.0,1.0,1.0,5
19365016,0.0,1.0,0.0,0.0,1.0,0.0,0.0,1.0,0.0,0.0,5
19369660,0.0,1.0,1.0,0.0,0.0,0.0,0.0,0.0,0.0,0.0,5
19370199,0.0,0.0,0.0,0.0,0.0,0.0,0.0,0.0,0.0,0.0,5
19382500,0.0,0.0,0.0,1.0,1.0,0.0,0.0,0.0,0.0,0.4,5
19389140,0.0,0.0,0.0,1.0,0.0,0.0,0.0,0.0,0.0,0.2,5
19400069,0.0,1.0,0.8,0.0,0.0,0.0,0.0,0.0,0.0,0.0,5
19402680,0.0,1.0,0.0,1.0,0.0,0.0,0.0,0.0,0.0,0.0,5
19405353,1.0,0.0,0.0,1.0,0.0,0.0,0.0,0.0,1.0,1.0,5
19408210,0.0,0.0,0.0,0.0,0.0,0.0,0.0,1.0,0.0,0.0,5
19415461,0.0,0.0,0.8,0.0,0.0,0.0,0.0,0.0,0.0,0.0,5
19419756,0.0,0.0,0.0,0.0,0.0,1.0,0.0,0.0,0.0,0.0,5
19420746,0.0,0.0,0.0,1.0,0.0,0.0,0.0,0.0,1.0,0.0,5
19421338,0.0,0.0,0.0,1.0,0.0,0.0,0.0,0.0,0.0,0.0,5
19421895,0.0,1.0,1.0,1.0,0.0,0.0,0.0,0.0,1.0,1.0,5
19423677,0.0,0.0,0.0,0.0,0.0,0.2,0.0,0.0,1.0,0.0,5
19423704,0.0,0.0,0.0,1.0,0.0,0.0,0.0,0.0,0.0,0.0,5
19430118,0.0,0.6,1.0,1.0,0.0,0.0,0.0,0.0,0.0,0.0,5
19430549,0.0,1.0,1.0,0.0,0.0,0.0,0.0,0.0,0.0,0.0,5
19430683,0.0,0.0,1.0,1.0,0.0,0.0,0.0,0.0,1.0,0.0,5
19437706,0.0,0.0,1.0,1.0,0.0,0.0,0.0,0.0,0.0,1.0,5
19438471,0.0,1.0,0.0,0.0,0.0,0.0,0.0,0.0,0.0,0.0,5
19460617,0.0,1.0,0.0,1.0,0.0,0.0,0.0,0.0,0.0,0.0,5
19467254,0.0,0.0,0.0,1.0,0.0,0.0,0.0,0.0,1.0,0.0,5
19468303,0.0,0.0,0.0,0.0,0.0,0.0,0.0,0.0,1.0,0.0,5
19470483,1.0,0.0,0.0,0.0,0.0,0.0,0.0,0.0,0.0,1.0,5
19472952,0.0,0.0,1.0,0.0,0.0,0.4,0.0,1.0,0.0,0.0,5
19475564,0.0,0.0,0.2,0.0,0.0,1.0,0.0,0.0,0.0,0.0,5
19477001,1.0,0.0,0.0,0.0,0.0,0.0,0.0,0.0,0.0,0.0,5
19491838,1.0,0.0,1.0,0.0,0.0,0.0,0.0,0.0,0.0,0.0,5
19507353,0.0,0.0,0.0,1.0,1.0,0.0,0.0,0.0,0.0,0.0,5
19517409,1.0,0.0,0.0,0.0,0.0,1.0,0.0,1.0,0.0,0.0,5
19522285,0.0,0.0,1.0,0.0,0.0,0.0,0.0,0.0,1.0,0.0,5
19526549,0.0,0.0,0.0,0.8,1.0,0.0,0.0,0.0,1.0,0.0,5
19533819,0.0,0.0,1.0,0.0,0.0,0.0,0.0,0.0,0.0,0.0,5
19537291,0.0,0.0,0.0,0.0,0.0,0.0,0.0,1.0,0.0,1.0,5
19540181,0.4,1.0,0.0,0.0,0.0,0.0,0.0,0.0,1.0,0.0,5
19540388,1.0,0.0,0.0,0.0,0.0,0.0,0.0,0.0,0.0,0.0,5
19541467,0.0,0.0,0.0,0.0,0.0,0.0,0.0,0.0,0.0,0.0,5
19552914,0.0,0.0,0.0,0.0,0.0,0.0,0.0,0.0,1.0,0.2,5
19559491,0.0,0.0,0.0,0.0,0.0,0.0,0.0,0.0,0.0,0.0,5
19563636,0.0,0.0,0.0,0.0,0.0,0.0,0.0,0.0,1.0,0.0,5
19564787,0.0,0.0,1.0,0.0,0.0,0.0,0.0,0.0,0.0,0.0,5
19582024,0.0,0.0,0.0,0.0,0.0,1.0,0.0,1.0,0.0,1.0,5
19595833,0.0,0.0,0.0,0.0,0.0,0.0,0.0,0.0,0.0,0.0,5
19598321,0.0,1.0,1.0,0.0,0.0,0.0,0.0,0.0,0.0,0.0,5
19604789,0.0,0.0,0.0,0.8,0.0,0.0,0.0,0.0,1.0,0.0,5
19609475,0.0,1.0,1.0,0.0,0.0,1.0,0.0,0.0,1.0,0.0,5
19619530,0.0,0.0,0.0,0.0,0.0,0.0,0.0,0.0,1.0,1.0,5
19623670,0.0,0.0,0.2,0.0,0.0,0.0,0.0,0.0,0.0,0.0,5
19627016,0.0,0.6,0.0,1.0,0.0,0.0,0.0,0.0,0.0,0.0,5
19629633,0.0,1.0,0.0,1.0,0.0,0.0,0.0,0.0,0.0,0.2,5
19633539,0.0,0.0,1.0,1.0,0.0,0.0,0.0,0.0,0.0,0.0,5
19638154,0.0,0.4,0.0,1.0,0.0,0.0,0.0,0.0,0.0,0.0,5
19651475,0.0,0.0,0.0,1.0,1.0,0.0,0.0,0.0,1.0,0.0,5
19653793,1.0,0.0,1.0,0.2,0.0,1.0,0.0,1.0,1.0,1.0,5
19660941,0.0,0.0,1.0,0.0,0.0,0.0,0.0,0.0,1.0,0.0,5
19661312,1.0,0.0,0.0,0.0,0.0,0.0,0.0,0.8,1.0,1.0,5
19662004,0.0,0.0,0.0,0.0,1.0,0.0,0.0,0.0,0.0,1.0,5
19663095,0.0,0.0,1.0,1.0,0.0,0.0,0.0,0.0,0.0,0.0,5
19683418,0.0,0.0,0.0,0.0,1.0,0.0,0.0,0.0,0.0,0.0,5
19686907,0.0,0.0,0.0,1.0,0.0,0.0,0.0,0.6,1.0,0.0,5
19691273,0.0,0.8,0.0,0.0,0.0,0.0,0.0,0.0,0.0,0.0,5
19696501,0.0,0.0,0.0,0.0,0.0,0.0,0.0,0.0,0.0,0.0,5
19701571,0.0,0.0,0.0,0.0,0.0,1.0,0.0,0.0,0.0,1.0,5
19706137,0.0,0.0,0.0,0.0,0.0,0.0,0.0,0.0,1.0,1.0,5
19709866,0.0,0.0,0.0,0.0,0.0,0.0,0.0,0.0,0.0,0.0,5
19714635,0.0,0.2,0.0,1.0,1.0,0.0,0.0,0.0,0.0,0.0,5
19717875,0.0,0.4,0.0,0.2,0.0,0.0,0.0,1.0,0.0,0.0,5
19724045,0.0,1.0,0.0,0.0,0.0,0.0,0.0,0.0,0.8,0.0,5
19724162,0.0,1.0,1.0,0.0,0.0,0.0,0.0,0.0,0.0,0.0,5
19735764,0.0,0.0,1.0,0.0,0.0,0.0,0.0,0.0,0.0,0.0,5
19738411,0.0,0.0,0.0,0.0,0.0,0.0,0.0,0.0,0.0,0.0,5
19752721,0.0,0.0,0.0,0.0,0.0,0.0,0.0,0.0,1.0,0.0,5
19764578,0.0,1.0,1.0,1.0,0.0,0.0,0.0,1.0,1.0,0.0,5
19767231,0.0,1.0,0.0,0.0,0.0,0.0,1.0,0.0,0.0,0.0,5
19789804,0.0,0.0,0.6,0.0,0.0,0.0,0.0,0.0,0.0,0.0,5
19793128,0.0,0.0,0.0,0.0,0.0,1.0,0.0,0.0,0.0,0.0,5
19804488,1.0,0.0,0.0,0.2,0.0,0.0,0.0,0.0,0.0,0.4,5
19804617,0.0,0.0,1.0,0.0,0.0,0.0,0.0,0.0,0.0,0.0,5
19818376,0.0,1.0,0.0,1.0,1.0,0.0,0.0,0.0,0.0,0.0,5
19819680,0.0,0.0,0.0,0.0,0.0,0.0,0.0,0.6,0.0,0.0,5
19824473,1.0,0.0,0.0,1.0,0.0,0.0,0.0,0.0,1.0,1.0,5
19829368,0.0,0.0,0.0,1.0,1.0,0.0,0.0,0.0,0.0,0.0,5
19831483,0.0,0.0,1.0,1.0,0.0,0.0,0.0,0.0,0.0,0.0,5
19832336,0.0,1.0,0.0,0.0,0.0,0.0,0.0,1.0,0.0,0.0,5
19838154,0.0,0.0,0.0,0.0,0.0,1.0,0.0,0.0,0.0,0.0,5
19841743,0.0,1.0,1.0,0.0,0.0,0.0,0.0,0.0,1.0,0.0,5
19843126,0.0,0.0,0.0,0.0,0.0,0.8,0.0,1.0,0.0,1.0,5
19846755,0.0,1.0,0.0,0.0,0.0,0.0,0.0,0.0,0.0,0.0,5
19850030,0.0,1.0,0.0,0.0,0.0,0.0,0.0,0.0,0.0,1.0,5
19852246,0.0,0.0,1.0,0.0,0.0,0.0,0.0,0.0,1.0,0.0,5
19862768,0.0,0.0,0.0,0.0,0.0,0.0,0.0,0.0,0.0,0.0,5
19866223,0.0,0.0,0.0,0.0,0.0,1.0,0.0,0.0,0.0,0.0,5
19874580,0.0,1.0,1.0,0.0,0.0,0.0,0.0,1.0,0.2,0.0,5
19894547,0.0,1.0,1.0,1.0,0.0,0.0,0.0,0.0,1.0,0.0,5
19906400,0.0,0.0,0.0,0.4,1.0,0.0,0.0,1.0,0.0,0.0,5
19917295,0.0,0.0,0.0,0.0,0.0,0.0,0.0,1.0,1.0,1.0,5
19925630,0.8,0.0,1.0,0.6,0.0,0.0,0.0,1.0,0.0,1.0,5
19929608,0.6,0.0,0.0,1.0,0.0,0.0,0.0,0.0,0.2,0.0,5
19936064,0.0,1.0,0.0,0.0,0.0,0.0,0.0,0.0,1.0,0.0,5
19939160,1.0,0.0,0.0,0.0,0.0,1.0,0.0,0.0,0.0,0.0,5
19951535,1.0,1.0,1.0,0.0,0.0,0.0,0.0,0.0,0.6,0.0,5
19965049,0.0,0.0,0.0,0.0,0.0,0.0,0.0,0.0,0.0,0.0,5
19970856,0.0,0.0,0.0,0.0,0.0,0.0,0.0,1.0,1.0,0.0,5
20000350,0.0,0.0,0.0,0.0,1.0,0.0,0.0,0.0,0.0,0.0,5
20003726,0.0,1.0,0.0,0.0,0.0,0.0,0.0,0.0,1.0,0.0,5
20004253,0.0,1.0,1.0,0.0,0.0,0.0,0.0,0.0,0.0,0.0,5
20010107,0.0,0.0,0.0,0.0,0.0,0.0,0.0,0.0,0.0,1.0,5
20015570,1.0,0.0,1.0,0.0,0.0,0.0,0.0,0.0,1.0,0.0,5
20020060,0.0,0.0,1.0,0.0,0.0,0.0,0.0,0.0,0.0,0.0,5
20021369,0.0,0.0,0.0,0.0,0.0,0.0,0.0,0.0,0.0,0.0,5
20022518,0.0,1.0,0.0,0.8,0.0,0.0,0.0,0.0,1.0,0.0,5
20023141,0.0,0.0,0.0,0.0,0.0,0.0,0.0,0.0,0.6,0.0,5
20024809,0.0,0.0,0.0,0.0,0.0,0.0,1.0,1.0,0.0,0.0,5
20032187,0.0,1.0,1.0,0.0,0.0,0.0,0.0,1.0,1.0,0.0,5
20047472,0.0,0.0,0.0,1.0,0.0,0.0,0.0,0.6,1.0,1.0,5
20048510,0.0,0.8,0.0,1.0,0.0,0.0,0.0,0.0,1.0,0.0,5
20080870,0.0,0.0,0.0,1.0,0.0,1.0,0.0,0.0,1.0,1.0,5
20081399,0.0,0.0,0.0,1.0,0.0,0.0,0.0,0.0,0.0,0.0,5
20083053,0.0,0.0,0.0,1.0,1.0,0.0,0.0,0.0,1.0,1.0,5
20084491,0.0,1.0,0.0,1.0,0.0,0.0,0.0,0.0,1.0,0.0,5
20089553,0.0,0.0,1.0,0.0,0.0,0.0,0.0,0.0,0.6,0.0,5
20094195,0.0,0.0,0.0,1.0,0.0,0.0,0.0,0.0,0.0,1.0,5
20099777,0.0,0.0,0.0,0.0,0.0,0.0,0.0,0.0,1.0,0.0,5
20101116,0.0,1.0,1.0,1.0,0.0,0.0,0.0,0.0,1.0,0.0,5
20103657,0.0,0.0,0.0,1.0,0.6,0.0,0.0,0.0,0.0,0.0,5
20112813,0.0,1.0,0.0,0.0,0.0,0.0,0.0,0.0,0.0,0.0,5
20114613,0.6,0.0,0.0,0.0,0.0,0.0,0.0,0.4,0.0,0.0,5
20121378,0.0,0.0,0.0,0.0,0.0,0.0,0.0,0.0,0.0,0.0,5
20124884,0.0,1.0,0.0,0.0,0.0,0.0,0.0,1.0,0.0,0.0,5
20140364,0.0,0.2,0.0,0.0,0.0,0.0,0.0,1.0,0.0,0.0,5
20154484,0.0,0.0,1.0,0.8,0.0,0.0,0.0,1.0,0.0,0.0,5
20159431,0.0,1.0,1.0,0.0,0.0,0.0,0.0,0.0,0.0,0.0,5
20161216,0.0,0.0,0.0,1.0,0.0,0.0,0.0,0.0,0.2,0.0,5
20183025,0.0,1.0,0.0,1.0,0.0,0.0,0.0,0.0,0.0,0.0,5
20183822,0.0,0.0,1.0,0.0,0.0,0.0,0.0,0.0,0.2,0.0,5
20198019,0.0,0.0,1.0,0.0,0.0,0.0,0.0,0.2,0.0,0.0,5
20202393,0.0,1.0,0.0,1.0,1.0,0.0,0.0,0.0,1.0,0.0,5
20207046,0.0,0.0,0.0,1.0,0.0,0.0,0.0,0.0,1.0,0.0,5
20211473,0.0,0.8,0.0,0.0,0.0,0.0,0.0,0.0,0.0,0.0,5
20216761,0.0,1.0,1.0,0.0,0.0,0.0,0.0,1.0,1.0,0.0,5
20231519,0.0,0.0,0.0,0.0,0.0,0.0,0.0,0.0,0.0,0.0,5
20240878,0.0,0.0,1.0,1.0,0.0,0.0,0.0,0.0,0.0,0.0,5
20247194,0.0,0.0,0.0,0.0,0.0,0.0,0.0,0.0,1.0,0.0,5
20248203,0.0,0.0,0.0,0.0,0.0,0.0,0.0,0.0,0.0,1.0,5
20250526,0.0,1.0,0.0,1.0,0.0,0.0,0.0,0.0,0.0,0.0,5
20255177,0.0,0.0,0.0,1.0,0.0,0.0,0.0,0.0,0.8,1.0,5
20263828,0.0,1.0,0.0,0.0,0.0,0.0,0.0,0.0,0.0,0.0,5
20268199,0.0,1.0,1.0,0.0,0.0,0.6,0.0,0.0,0.2,0.0,5
20270590,0.0,0.0,0.2,0.0,0.0,1.0,0.0,0.0,0.0,0.0,5
20276277,0.0,1.0,1.0,0.0,0.0,0.0,0.0,1.0,0.2,0.0,5
20278396,0.0,0.0,0.0,0.2,1.0,0.0,0.0,0.0,0.0,0.0,5
20280232,0.0,0.0,0.0,0.0,0.0,0.0,0.0,0.0,1.0,1.0,5
20280929,0.0,1.0,0.0,1.0,0.0,0.0,0.0,0.0,0.0,0.0,5
20282612,0.0,0.4,0.0,1.0,1.0,0.0,0.0,0.0,0.0,0.0,5
20283477,0.0,0.0,0.0,0.0,0.0,0.0,0.0,0.0,1.0,1.0,5
20301756,0.2,0.0,0.0,1.0,0.0,0.0,0.0,1.0,1.0,0.0,5
20301900,0.0,0.0,0.0,0.0,0.0,0.0,0.0,0.0,0.0,1.0,5
20302188,0.0,1.0,0.0,0.0,0.0,0.0,0.0,0.0,1.0,0.0,5
20304849,0.0,0.6,0.0,1.0,0.0,0.0,0.0,0.0,0.0,0.0,5
20305777,0.0,0.0,0.0,0.0,0.0,0.0,0.0,0.0,0.0,0.0,5
20323085,0.0,1.0,1.0,1.0,0.0,0.0,0.0,0.0,1.0,0.0,5
20323121,0.0,0.0,1.0,1.0,0.0,0.0,0.0,0.0,1.0,0.0,5
20327993,0.0,0.0,0.0,0.0,0.0,0.0,0.0,0.0,0.0,0.0,5
20336171,0.0,0.0,0.0,0.0,0.0,0.0,0.0,0.0,0.0,0.0,5
20344537,0.0,0.0,0.0,1.0,1.0,0.0,0.0,0.0,0.0,0.0,5
20364240,0.0,0.0,0.0,1.0,1.0,0.0,0.0,0.0,0.0,0.0,5
20368192,0.0,0.0,0.0,1.0,1.0,0.0,0.0,0.0,0.0,0.0,5
20375534,0.0,0.0,0.0,1.0,0.0,0.0,0.0,1.0,1.0,0.0,5
20378330,0.0,0.0,0.0,1.0,0.0,0.0,0.0,0.0,0.0,0.0,5
20383782,0.0,0.0,0.2,0.8,0.0,0.0,0.0,0.0,1.0,0.0,5
20384101,0.0,0.0,0.0,0.0,0.0,1.0,0.0,0.0,1.0,0.0,5
20385074,0.0,1.0,0.0,1.0,0.0,0.0,0.0,0.0,0.0,0.0,5
20397172,0.0,0.0,0.0,0.0,1.0,0.0,0.0,1.0,0.0,1.0,5
20397823,0.0,1.0,0.0,0.0,0.0,0.0,0.0,0.0,1.0,0.0,5
20403304,0.0,0.0,0.0,0.0,1.0,0.0,0.0,0.0,0.0,0.0,5
20406549,0.0,0.0,0.0,0.0,1.0,0.0,0.0,0.0,0.0,0.0,5
20411572,0.0,0.0,0.0,0.0,1.0,0.0,0.0,0.0,0.0,0.0,5
20418910,1.0,0.0,1.0,0.0,0.0,0.0,0.0,0.0,0.0,0.0,5
20422898,1.0,0.0,0.0,0.8,0.0,0.0,1.0,0.0,0.0,0.4,5
20430323,0.0,0.8,0.0,1.0,0.0,0.0,0.0,0.0,1.0,0.0,5
20430425,0.0,0.0,0.0,0.0,0.0,0.0,0.0,0.0,1.0,0.0,5
20434392,0.0,0.0,0.0,0.0,0.0,0.0,0.0,0.0,1.0,1.0,5
20434406,0.0,1.0,0.0,0.0,0.0,0.0,0.0,0.0,0.0,0.2,5
20447249,0.0,0.0,1.0,0.0,0.0,0.0,0.0,0.0,0.4,0.0,5
20447519,1.0,0.0,0.0,0.0,0.0,0.0,0.0,0.0,1.0,0.6,5
20461799,0.0,0.0,0.0,0.2,1.0,0.0,0.0,0.0,0.0,0.4,5
20468976,0.0,1.0,0.0,0.6,0.0,0.0,0.0,0.0,0.0,0.0,5
20476165,0.0,0.0,0.0,0.0,0.0,0.0,0.0,1.0,1.0,1.0,5
20477394,0.0,0.0,0.0,1.0,0.0,0.0,0.0,0.0,0.0,0.0,5
20478407,0.0,0.0,0.0,0.0,0.0,0.0,0.0,0.0,0.0,1.0,5
20480266,0.0,0.0,0.0,0.0,0.0,1.0,0.0,0.0,0.0,0.2,5
20482673,0.0,0.0,0.0,0.0,1.0,0.0,0.0,0.0,0.4,1.0,5
20485089,0.0,0.0,0.0,0.0,0.0,1.0,0.0,0.0,1.0,1.0,5
20488017,0.0,0.0,1.0,0.0,0.0,0.0,0.0,0.0,0.8,1.0,5
20488368,0.0,0.0,1.0,0.2,0.0,1.0,0.0,1.0,1.0,1.0,5
20489141,0.0,0.0,0.0,0.0,1.0,0.0,0.0,0.0,1.0,0.0,5
20489984,0.0,0.8,1.0,1.0,0.0,0.0,0.0,0.0,0.0,0.0,5
20491602,0.0,0.6,1.0,0.0,0.0,0.0,0.8,0.0,1.0,1.0,5
20493115,0.0,1.0,0.0,1.0,0.0,0.0,0.0,0.0,1.0,0.0,5
20500092,0.0,1.0,1.0,0.6,0.0,0.0,0.0,0.0,1.0,0.0,5
20501375,0.0,1.0,0.0,0.4,0.0,0.0,0.0,0.0,0.0,1.0,5
20501710,0.0,0.0,0.0,0.0,0.0,0.0,0.0,0.0,0.0,1.0,5
20512902,0.0,0.0,0.0,0.0,1.0,0.0,0.0,0.0,0.0,1.0,5
20520178,0.0,0.0,0.0,0.0,0.0,0.0,0.0,1.0,0.0,1.0,5
20522383,1.0,0.0,0.0,0.0,0.0,0.0,0.0,0.0,0.0,1.0,5
20538124,0.0,1.0,0.0,1.0,1.0,0.0,0.0,0.0,1.0,0.0,5
20538618,0.0,0.0,0.0,0.8,1.0,0.0,0.0,0.0,0.4,0.0,5
20544011,0.0,0.2,0.0,0.0,0.0,0.0,0.0,0.0,0.0,0.0,5
20553131,0.0,0.0,0.0,0.0,0.0,1.0,0.0,0.0,0.0,1.0,5
20553888,0.0,0.0,0.0,1.0,0.0,0.0,0.0,0.0,0.0,0.0,5
20559541,0.0,0.0,0.0,1.0,0.0,0.0,0.0,1.0,0.0,0.4,5
20559560,0.0,1.0,1.0,0.0,0.0,1.0,0.0,0.0,1.0,0.0,5
20559900,0.0,1.0,0.0,0.0,0.0,0.0,0.0,0.4,1.0,0.0,5
20565125,0.0,1.0,1.0,0.0,0.0,0.0,0.0,1.0,1.0,0.0,5
20568597,0.0,0.8,0.0,1.0,0.0,0.0,0.0,0.0,0.0,0.0,5
20574462,0.0,0.0,0.0,0.4,1.0,0.0,0.0,0.0,0.0,0.2,5
20578639,0.0,1.0,0.0,1.0,0.0,0.0,0.0,1.0,0.0,0.0,5
20578714,0.0,0.0,0.0,1.0,0.8,0.0,0.0,0.0,0.0,0.0,5
20579424,0.0,0.4,0.0,1.0,0.0,0.0,0.0,0.0,0.0,0.0,5
20580720,0.0,1.0,0.0,0.0,0.0,0.0,0.0,0.0,1.0,0.0,5
20580870,0.0,1.0,1.0,1.0,0.0,0.0,0.0,0.0,1.0,0.0,5
20582376,0.0,0.0,0.0,1.0,1.0,0.0,0.0,0.0,0.0,1.0,5
20582708,0.0,0.0,0.0,1.0,1.0,0.0,0.0,0.0,1.0,0.0,5
20583145,0.0,1.0,0.0,0.0,0.0,0.0,0.0,0.0,1.0,0.0,5
20586599,0.8,0.0,0.0,0.0,0.0,0.0,0.0,0.0,0.0,0.0,5
20589104,0.0,0.0,0.0,0.0,0.0,0.0,0.0,0.0,0.0,1.0,5
20602973,0.0,0.0,1.0,0.0,0.0,0.0,0.0,0.0,0.4,0.0,5
20605956,0.0,0.0,1.0,0.0,0.0,0.0,0.0,0.0,1.0,1.0,5
20606091,0.0,0.0,0.0,1.0,1.0,1.0,0.0,0.0,0.0,0.0,5
20608805,0.0,0.4,1.0,1.0,0.0,0.0,0.0,0.0,1.0,0.0,5
20611920,0.0,0.0,1.0,0.0,0.0,0.0,0.0,0.0,0.4,0.0,5
20612065,0.0,0.0,0.0,0.0,1.0,0.0,0.0,0.0,0.0,0.0,5
20612331,0.0,0.8,0.0,0.8,0.0,0.0,0.0,0.0,1.0,0.0,5
20613236,0.0,0.0,0.0,1.0,1.0,0.0,0.0,0.0,0.0,0.0,5
20620121,0.0,1.0,0.0,1.0,0.0,0.0,0.0,0.0,0.0,0.0,5
20633867,0.0,1.0,0.0,0.0,0.0,0.0,0.0,0.0,0.0,0.0,5
20642185,0.0,0.0,0.0,0.0,0.0,1.0,0.0,0.0,0.0,0.0,5
20643678,0.0,0.6,0.0,1.0,0.0,0.0,0.0,0.0,0.4,0.0,5
20650631,0.0,1.0,0.0,0.0,1.0,0.0,0.0,0.0,0.0,0.0,5
20650849,0.0,1.0,0.0,0.0,0.0,0.0,0.0,0.0,0.0,0.0,5
20657977,0.0,0.0,0.0,1.0,0.0,0.0,0.0,0.0,0.0,0.6,5
20658124,0.0,1.0,0.0,1.0,0.0,0.0,0.0,0.0,1.0,0.0,5
20668494,0.0,0.0,0.0,0.0,0.0,0.0,0.0,0.0,0.2,0.0,5
20695518,0.0,0.0,0.0,0.2,0.0,0.0,0.0,0.0,1.0,0.0,5
20705537,0.0,0.0,0.0,0.6,0.0,0.0,0.0,0.0,1.0,0.0,5
20713506,0.0,0.2,0.0,1.0,0.0,0.0,0.0,0.0,1.0,0.0,5
20714698,1.0,0.0,0.6,0.2,0.0,0.0,0.0,0.0,0.0,0.0,5
20715097,0.0,1.0,0.0,1.0,0.0,0.0,0.0,0.0,1.0,0.0,5
20716178,0.0,0.0,0.0,1.0,1.0,0.0,0.0,0.0,0.0,0.0,5
20720478,0.0,0.0,0.0,1.0,1.0,0.0,0.0,1.0,0.0,0.0,5
20734482,0.0,0.6,0.0,0.0,0.0,0.0,0.0,0.0,0.0,0.0,5
20737162,0.0,1.0,0.0,1.0,0.0,0.0,0.0,0.0,1.0,0.0,5
20740047,0.0,0.0,0.0,0.0,0.0,0.0,0.0,0.8,1.0,0.0,5
20742992,0.0,0.0,0.0,1.0,1.0,0.0,0.0,1.0,1.0,1.0,5
20748142,0.0,0.0,0.0,1.0,0.0,0.0,0.0,0.0,0.0,0.0,5
20750723,0.0,0.0,0.0,1.0,0.0,0.0,0.0,0.0,0.0,1.0,5
20750767,0.0,0.0,0.0,0.8,0.0,0.0,0.0,0.0,1.0,1.0,5
20753681,0.0,1.0,0.0,1.0,0.0,0.0,0.0,0.0,0.0,0.0,5
20767365,0.0,0.0,0.0,0.0,0.0,0.8,0.0,0.0,0.0,0.0,5
20771900,0.0,1.0,0.0,1.0,0.0,0.0,0.0,0.0,0.4,0.0,5
20773657,0.0,0.0,0.0,1.0,0.0,0.0,0.0,0.0,1.0,0.0,5
20774954,0.0,0.0,1.0,1.0,0.0,0.0,0.0,0.0,0.0,0.0,5
20779194,0.0,0.0,0.0,1.0,0.0,0.0,0.0,0.0,0.0,0.0,5
20781798,0.0,0.0,0.0,0.4,1.0,0.0,0.0,0.0,0.0,0.0,5
20798612,0.0,0.0,1.0,1.0,0.0,0.0,0.0,0.0,1.0,1.0,5
20803332,0.0,0.0,0.0,0.0,0.0,1.0,0.0,0.0,0.0,0.0,5
20808181,0.0,0.0,0.0,1.0,1.0,0.0,0.0,0.0,0.0,0.0,5
20808269,0.0,0.0,0.4,0.0,0.0,0.0,0.0,0.0,0.0,0.0,5
20811678,0.0,0.0,1.0,1.0,0.0,0.0,0.0,0.0,0.0,1.0,5
20817104,0.0,0.4,0.0,0.0,0.0,1.0,0.0,0.0,0.0,0.0,5
20819210,0.0,0.0,0.0,0.2,0.0,0.2,0.0,0.0,0.6,1.0,5
20825648,0.0,0.0,1.0,1.0,0.0,0.0,0.0,0.0,0.0,1.0,5
20826125,0.0,0.0,0.0,1.0,1.0,0.0,0.0,0.0,0.0,0.0,5
20837983,1.0,0.0,0.0,1.0,0.0,0.0,0.0,0.0,1.0,1.0,5
20841233,0.0,1.0,0.0,1.0,0.0,0.0,0.0,0.0,0.0,0.0,5
20843455,0.0,0.0,0.0,1.0,0.6,0.0,0.0,0.0,0.0,0.0,5
20845055,0.0,0.0,0.0,1.0,1.0,0.0,0.0,1.0,0.0,0.0,5
20846144,0.0,0.0,0.0,0.6,0.0,0.0,0.0,0.0,1.0,1.0,5
20849003,0.0,0.0,0.0,0.0,1.0,0.0,0.0,1.0,0.0,0.0,5
20853611,0.0,0.2,0.0,0.2,0.0,0.0,0.0,0.0,1.0,0.0,5
20856931,0.0,0.0,0.0,1.0,0.0,0.0,0.0,0.0,0.0,0.0,5
20859304,0.0,0.0,1.0,0.0,0.0,0.0,0.0,0.0,0.0,0.0,5
20867028,0.0,0.0,0.0,1.0,1.0,0.0,0.0,0.0,1.0,0.0,5
20871654,0.0,1.0,0.0,0.0,0.0,1.0,0.0,0.0,0.0,0.0,5
20876416,0.0,1.0,0.0,1.0,1.0,0.0,0.0,0.0,1.0,0.0,5
20879101,0.0,1.0,0.0,1.0,1.0,0.0,0.0,0.0,0.0,0.0,5
20879470,0.0,0.0,1.0,0.0,0.0,0.0,0.0,1.0,0.0,0.0,5
20881063,0.0,1.0,0.0,0.0,1.0,0.0,0.0,0.0,0.0,0.0,5
20882044,1.0,0.0,0.0,0.0,0.0,1.0,0.0,0.0,1.0,1.0,5
20885064,0.0,1.0,1.0,0.0,0.0,0.0,0.0,0.0,0.0,0.0,5
20890854,0.0,1.0,0.0,1.0,0.0,0.6,0.0,0.0,1.0,0.0,5
20891629,0.0,0.0,0.0,1.0,0.0,0.0,0.0,0.0,0.0,0.0,5
20896203,0.0,0.0,0.0,0.0,1.0,0.0,0.0,0.0,0.0,0.0,5
20901734,0.0,1.0,1.0,0.0,0.0,0.0,0.0,0.0,0.0,0.0,5
20902269,0.0,0.0,0.0,0.0,0.0,0.0,0.0,0.0,1.0,1.0,5
20906237,0.0,1.0,0.0,1.0,0.0,0.0,0.0,0.0,0.0,0.0,5
20915930,0.0,0.0,0.0,1.0,0.0,0.0,0.0,1.0,0.0,1.0,5
20924283,0.0,0.0,0.0,0.8,1.0,0.0,0.0,0.0,0.0,0.0,5
20930078,0.0,0.0,1.0,0.0,0.0,0.0,0.0,0.0,0.2,0.0,5
20933210,0.0,1.0,0.0,0.0,0.0,0.0,0.0,0.0,1.0,0.0,5
20946032,1.0,0.0,0.0,0.0,0.0,0.0,0.0,0.0,0.0,1.0,5
20948743,0.0,0.0,0.0,1.0,1.0,0.0,0.0,0.0,0.0,0.0,5
20949182,0.0,0.0,0.0,0.4,0.0,0.0,0.0,0.0,0.0,0.0,5
20949756,0.0,0.0,0.0,0.0,0.0,0.0,0.0,0.0,0.0,0.6,5
20954008,0.0,0.0,0.0,1.0,0.0,0.0,0.0,0.0,0.4,0.0,5
20961193,0.0,1.0,1.0,0.0,0.0,1.0,0.0,1.0,1.0,0.0,5
20969801,0.0,0.0,0.0,0.2,0.0,0.0,0.0,0.0,1.0,1.0,5
20970816,1.0,1.0,1.0,1.0,0.0,0.0,0.0,0.0,1.0,0.0,5
20974420,0.0,0.0,0.0,0.0,0.0,0.0,0.0,0.0,0.0,1.0,5
20974558,0.0,1.0,0.0,1.0,1.0,0.0,0.0,1.0,0.0,0.0,5
20977560,0.0,0.8,0.0,0.0,1.0,0.0,0.0,0.0,1.0,0.0,5
20979006,0.0,1.0,0.0,1.0,1.0,0.0,0.0,0.0,1.0,0.0,5
20980965,0.0,1.0,0.0,0.6,1.0,0.0,0.0,0.6,1.0,0.0,5
20986113,0.0,0.0,0.0,1.0,1.0,0.0,0.0,0.0,0.0,0.0,5
20992259,0.0,0.0,0.0,0.0,0.0,0.0,0.0,0.0,0.0,0.0,5
20994792,0.0,1.0,1.0,1.0,0.0,0.0,0.0,1.0,1.0,0.0,5
21002349,0.0,0.0,0.0,1.0,0.0,0.0,0.0,0.0,0.0,0.0,5
21003129,0.0,1.0,0.0,1.0,0.0,0.0,0.0,1.0,0.0,0.0,5
21003804,1.0,0.2,0.0,0.0,0.0,0.0,0.0,0.0,0.0,1.0,5
21003933,0.0,1.0,0.0,0.0,0.0,0.0,0.0,0.0,1.0,0.0,5
21005257,0.0,0.0,0.0,0.8,0.0,0.0,0.0,0.0,1.0,0.0,5
21005381,0.0,0.0,0.0,1.0,1.0,0.0,0.0,1.0,0.0,0.0,5
21006420,0.0,1.0,0.0,0.0,0.0,0.0,0.0,0.0,0.0,0.0,5
21006790,0.0,0.0,0.0,0.0,0.0,0.0,0.0,0.0,1.0,0.0,5
21008002,0.0,1.0,0.0,0.0,1.0,0.0,0.0,0.4,0.0,0.0,5
21012477,0.0,0.0,0.0,1.0,0.0,0.0,0.0,0.0,0.0,0.0,5
21017911,0.0,1.0,1.0,0.0,0.0,1.0,0.0,0.0,0.2,0.0,5
21018349,0.0,0.0,0.0,0.0,0.4,0.0,0.0,0.0,1.0,0.0,5
21018709,0.0,0.0,1.0,0.0,0.0,0.0,0.0,0.0,0.0,0.0,5
21021699,1.0,0.0,0.0,1.0,0.0,1.0,0.0,0.0,1.0,0.0,5
21022313,0.0,0.0,0.0,0.8,0.0,0.0,0.0,0.0,1.0,0.0,5
21031520,0.0,0.2,0.0,0.0,0.0,0.0,0.0,0.0,0.0,0.0,5
21032050,0.0,1.0,0.0,0.0,0.0,0.0,0.0,0.0,1.0,0.0,5
21032268,0.0,0.0,0.0,0.0,0.0,0.0,0.0,0.0,1.0,0.0,5
21034313,0.0,1.0,0.0,0.0,1.0,0.0,0.0,0.0,0.0,0.0,5
21036638,0.0,1.0,0.0,1.0,0.0,0.0,0.0,0.0,1.0,0.0,5
21039602,0.0,0.0,1.0,1.0,0.0,0.0,0.0,1.0,0.0,0.2,5
21040774,0.0,1.0,0.0,1.0,0.0,0.0,0.0,0.0,0.0,0.0,5
21042588,0.0,1.0,1.0,0.0,0.0,1.0,0.0,0.0,1.0,0.0,5
21043695,0.0,0.0,0.0,0.0,1.0,0.0,0.0,0.0,0.0,0.0,5
21047878,0.0,0.0,0.0,1.0,0.8,0.0,0.0,0.0,0.0,0.0,5
21050557,0.0,0.0,1.0,1.0,0.0,0.0,0.0,0.0,1.0,0.0,5
21050706,0.0,1.0,1.0,1.0,0.0,0.0,0.0,0.0,1.0,0.0,5
21051047,0.0,0.0,0.4,0.0,0.0,0.0,0.0,0.0,1.0,0.0,5
21052224,1.0,0.0,0.0,0.0,0.0,0.0,0.0,0.0,1.0,1.0,5
21058624,0.0,0.0,1.0,1.0,0.0,0.0,0.0,0.0,0.0,0.0,5
21058632,0.0,1.0,0.0,0.0,0.0,0.0,0.0,0.0,1.0,0.0,5
21062020,0.0,0.0,0.0,0.0,0.0,0.0,0.0,1.0,0.0,0.0,5
21062942,0.0,0.0,1.0,1.0,0.0,0.0,0.0,0.0,0.0,0.0,5
21065437,0.0,0.0,0.0,1.0,0.0,0.0,0.0,0.0,1.0,1.0,5
21065441,0.0,0.2,0.0,1.0,0.0,0.0,0.0,0.0,1.0,0.0,5
21066639,0.0,1.0,0.4,1.0,0.0,0.0,0.6,0.0,0.0,0.0,5
21072216,0.0,0.0,0.0,1.0,0.0,0.0,0.0,0.0,0.0,0.0,5
21074824,0.0,0.0,0.0,0.2,1.0,1.0,0.0,0.0,0.0,1.0,5
21075195,0.0,0.0,0.0,0.0,0.0,0.0,0.0,1.0,0.0,0.0,5
21077997,0.0,0.0,0.0,0.6,1.0,0.0,0.0,0.0,0.0,0.0,5
21081496,1.0,0.4,0.0,0.2,1.0,0.0,0.0,0.0,1.0,0.0,5
21084487,0.0,0.4,0.0,0.2,1.0,0.0,0.0,0.0,1.0,0.0,5
21086756,1.0,0.0,0.0,0.0,0.0,0.0,0.0,0.0,1.0,1.0,5
21088202,0.0,0.0,0.0,0.0,0.0,0.0,0.0,0.0,0.0,0.0,5
21088362,1.0,0.0,1.0,0.0,0.0,0.0,0.0,0.0,0.0,1.0,5
21088684,0.0,0.0,0.0,1.0,0.0,0.0,0.0,0.0,0.0,0.0,5
21091566,0.0,0.0,0.0,0.0,1.0,0.0,0.0,0.0,1.0,1.0,5
21092233,0.0,0.0,0.0,1.0,1.0,0.0,0.0,0.0,0.0,0.0,5
21095949,0.0,1.0,0.0,0.0,0.0,0.0,0.0,0.0,1.0,0.0,5
21097944,0.0,1.0,0.0,0.4,0.0,0.0,0.0,1.0,1.0,0.0,5
21102501,0.0,0.8,0.0,0.0,0.0,0.0,0.0,0.0,1.0,0.0,5
21102927,1.0,0.0,0.0,1.0,0.0,0.0,0.0,0.0,0.0,1.0,5
21104357,0.0,1.0,0.0,0.0,0.0,0.0,0.0,0.0,1.0,0.0,5
21105611,1.0,0.0,0.0,0.0,0.0,0.0,0.0,0.0,0.0,0.0,5
21107761,1.0,0.0,0.0,0.8,1.0,0.0,0.0,0.0,1.0,0.0,5
21108796,0.0,0.0,0.0,0.0,0.0,1.0,0.0,0.0,0.0,1.0,5
21110187,0.0,0.0,0.0,0.0,0.0,0.0,0.0,1.0,1.0,0.0,5
21110839,0.0,0.0,1.0,0.0,0.0,0.0,0.0,0.0,1.0,0.0,5
21112071,0.0,1.0,0.0,0.0,0.0,0.0,0.0,0.0,1.0,0.0,5
21119308,0.0,0.0,0.0,0.0,0.0,0.0,0.0,0.0,0.0,0.0,5
21123066,0.0,1.0,1.0,0.2,0.0,0.0,0.0,1.0,1.0,0.0,5
21125995,0.0,0.4,1.0,0.0,0.0,1.0,0.0,0.0,0.0,0.0,5
21126079,0.0,0.0,0.0,1.0,0.0,0.0,0.0,0.0,0.0,0.0,5
21126481,1.0,0.0,0.0,0.0,0.0,0.0,0.0,0.0,1.0,1.0,5
21129596,0.0,0.0,0.0,0.8,0.0,0.0,0.0,0.0,1.0,0.0,5
21132010,0.0,0.0,0.0,1.0,1.0,0.0,0.0,0.4,0.6,0.0,5
21133185,0.0,1.0,1.0,0.0,0.0,0.0,0.0,0.0,1.0,0.0,5
21135404,0.0,0.0,0.0,0.0,0.0,0.0,0.0,0.0,1.0,1.0,5
21138090,0.0,0.0,0.0,0.0,0.0,0.0,0.0,0.0,0.0,0.8,5
21143611,0.0,1.0,1.0,0.0,0.0,0.0,0.0,0.0,1.0,0.0,5
21160358,0.0,0.0,0.0,0.0,0.0,0.2,0.0,0.0,0.0,0.0,5
21168139,0.0,1.0,0.0,0.2,0.0,0.0,0.0,1.0,0.0,0.0,5
21175810,0.0,0.0,0.0,1.0,0.0,0.0,0.0,0.0,0.0,0.0,5
21180181,0.0,0.0,0.0,1.0,0.0,0.0,0.0,0.0,0.0,0.0,5
21182965,0.0,0.0,0.0,0.8,0.0,0.0,0.0,1.0,0.0,0.0,5
21186196,0.0,0.0,0.0,0.8,1.0,0.0,0.0,0.0,1.0,0.0,5
21186229,0.0,1.0,1.0,0.0,0.0,1.0,0.0,1.0,0.0,0.0,5
21186388,1.0,0.0,0.0,0.0,0.0,0.0,0.0,0.0,1.0,0.0,5
21195829,0.0,0.2,0.0,0.0,0.0,0.0,0.0,0.0,1.0,0.0,5
21199855,0.0,0.0,0.0,0.4,1.0,0.0,0.0,0.0,0.0,0.0,5
21201713,0.0,0.0,0.0,1.0,0.0,0.0,0.0,0.0,0.0,0.0,5
21208301,0.0,0.0,0.0,0.0,0.0,0.0,0.0,0.0,0.0,1.0,5
21210922,0.0,1.0,0.0,0.0,0.0,0.0,0.0,0.0,0.0,0.0,5
21211011,0.0,0.0,0.0,0.0,0.0,1.0,0.0,0.0,0.0,0.0,5
21212648,0.0,0.0,0.0,1.0,1.0,0.0,0.0,0.0,0.0,0.0,5
